"no","partNumber","toolNumber","dwNumber","nameEn","specifications","material","quantityInStock","picture","minInventory","maxInventory"
"1","MC-103A-2","23-TRE016","113","Die","208.5x147x35","Cr12MoV","1","spare-part-images/001-MC-103A-2-113.png","1","2"
"2","MC-103A-2","23-TRE016","114","Die","215x151x35","Cr12MoV","1","spare-part-images/002-MC-103A-2-114.png","1","2"
"3","MC-103A-2","23-TRE016","114A","Die","75x55x35","Cr12MoV","1","spare-part-images/003-MC-103A-2-114A.png","1","2"
"4","MC-103A-2","23-TRE016","128","Piercing Die","57.5x76x35","Cr12MoV","1","spare-part-images/004-MC-103A-2-128.png","1","2"
"5","MC-103A-2","23-TRE016","132","Piercing Die","115x76x35","Cr12MoV","1","spare-part-images/005-MC-103A-2-132.png","1","2"
"6","MC-103A-2","23-TRE016","137","Piercing Die","82x120x60","Cr12MoV","1","spare-part-images/006-MC-103A-2-137.png","1","2"
"7","MC-103A-2","23-TRE016","210","Piercing Punch","100x160x73","Cr12MoV","1","spare-part-images/007-MC-103A-2-210.png","1","2"
"8","MC-103A-2","23-TRE016","211","Piercing Punch","95x160x73","Cr12MoV","1","spare-part-images/008-MC-103A-2-211.png","1","2"
"9","MC-103A-2","23-TRE016","218","Bending Punch","41.47x41.47x24.5","Cr12MoV","1","spare-part-images/009-MC-103A-2-218.png","1","2"
"10","MC-103A-2","23-TRE016","226","Piercing Punch","60x55x70","Cr12MoV","1","spare-part-images/010-MC-103A-2-226.png","1","2"
"11","MC-103A-2","23-TRE016","234","Parting Punch","47x75x70","Cr12MoV","1","spare-part-images/011-MC-103A-2-234.png","1","2"
"12","MC-103A-2","23-TRE016","235","Pilot","40x40x23.5","Cr12MoV","1","spare-part-images/012-MC-103A-2-235.png","1","2"
"13","MC-103A-2","23-TRE016","238","Stipper","300x225x35","45#","1","spare-part-images/013-MC-103A-2-238.png","1","2"
"14","MC-103A-2","23-TRE016","245","Bending Punch","52x48x113","Cr12MoV","1","spare-part-images/014-MC-103A-2-245.png","1","2"
"15","TM-818A-1","21-TER008","116","1st Drawing die","Ø144x45","Cr12MoV","1","spare-part-images/015-TM-818A-1-116.png","1","2"
"16","TM-818A-1","21-TER008","125","Forming die","Ø118x45","SKD11","1","spare-part-images/016-TM-818A-1-125.png","1","2"
"17","TM-818A-1","21-TER008","137","Mold die","Ø115x45","Cr12MoV","1","spare-part-images/017-TM-818A-1-137.png","1","2"
"18","TM-818A-1","21-TER008","145","Molding-2 die holder","Ø110x27","Cr12MoV","1","spare-part-images/018-TM-818A-1-145.png","1","2"
"19","TM-818A-1","21-TER008","148","Pierce die","45x110x110","Cr12MoV","1","spare-part-images/019-TM-818A-1-148.png","1","2"
"20","TM-818A-1","21-TER008","164","Pierce die holder","Ø110x27","Cr12MoV","1","spare-part-images/020-TM-818A-1-164.png","1","2"
"21","TM-818A-1","21-TER008","208","Pierce Punch","73.20x140x122","Cr12MoV","1","spare-part-images/021-TM-818A-1-208.png","1","2"
"22","TM-818A-1","21-TER008","212","1st Drawing Punch","Ø70x95.80","Cr12MoV","1","spare-part-images/022-TM-818A-1-212.png","1","2"
"23","TM-818A-1","21-TER008","220","Idle Punch","Ø69.40x95.80","Cr12MoV","1","spare-part-images/023-TM-818A-1-220.png","1","2"
"24","TM-818A-1","21-TER008","223","2nd Drawing Punch","Ø59.60x94.80","Cr12MoV","1","spare-part-images/024-TM-818A-1-223.png","1","2"
"25","TM-818A-1","21-TER008","226","Forming Punch","Ø59.60x93.80","SKD11","1","spare-part-images/025-TM-818A-1-226.png","1","2"
"26","TM-818A-1","21-TER008","231","Mold Punch","Ø59.50x94","Cr12MoV","1","spare-part-images/026-TM-818A-1-231.png","1","2"
"27","TM-818A-1","21-TER008","235","Pierce Holding","Ø59.60x93.80","Cr12MoV","1","spare-part-images/027-TM-818A-1-235.png","1","2"
"28","TM-818A-1","21-TER008","241","Molding-2 Punch","Ø59.60x93.80","Cr12MoV","1","spare-part-images/028-TM-818A-1-241.png","1","2"
"29","TM-818A-1","21-TER008","244","Part Punch","78x100x105","Cr12MoV","1","spare-part-images/029-TM-818A-1-244.png","1","2"
"30","TM-818A-1","21-TER008","245","Part guide block","Ø59.50x25","Cr12MoV","1","spare-part-images/030-TM-818A-1-245.png","1","2"
"31","TM-818A-1","21-TER008","248","Pierce Punch","80x95x95","Cr12MoV","1","spare-part-images/031-TM-818A-1-248.png","1","2"
"32","SB-068B-1-3","23-TER013","108","Pierce die","35x60x70","Cr12MoV","1","spare-part-images/032-SB-068B-1-3-108.png","1","2"
"33","SB-068B-1-3","23-TER013","128","Pierce die","35x70x70","Cr12MoV","F/L 1","spare-part-images/033-SB-068B-1-3-128.png","1","2"
"34","SB-068B-1-3","23-TER013","148","Parting die","37x55x96","Cr12MoV","1","spare-part-images/034-SB-068B-1-3-148.png","1","2"
"35","SB-068B-1-3","23-TER013","204","Pierce Punch","77x26x98.50","Cr12MoV","F/L 1","spare-part-images/035-SB-068B-1-3-204.png","1","2"
"36","SB-068B-1-3","23-TER013","206","Pierce Punch","75x23x25","Cr12MoV","1","spare-part-images/036-SB-068B-1-3-206.png","1","2"
"37","SB-068B-1-3","23-TER013","208","Pilot","30.30x15x16.90","Cr12MoV","5","spare-part-images/037-SB-068B-1-3-208.png","1","2"
"38","SB-068B-1-3","23-TER013","222","Pierce Punch","83x27x40","Cr12MoV","F/L 1","spare-part-images/038-SB-068B-1-3-222.png","1","2"
"39","SB-068B-1-3","23-TER013","234","Parting Punch","110x21x51","Cr12MoV","1","spare-part-images/039-SB-068B-1-3-234.png","1","2"
"40","SB-068B-1-3","23-TER013","235","Parting Punch","30x40x55","Cr12MoV","1","spare-part-images/040-SB-068B-1-3-235.png","1","2"
"41","SB-068B-1","23-TER012","121","Pierce die","50x115x20","Cr12MoV","1","spare-part-images/041-SB-068B-1-121.png","1","2"
"42","SB-068B-1","23-TER012","139","Hell Block","77.50x20x150","Cr12MoV","1","spare-part-images/042-SB-068B-1-139.png","1","2"
"43","SB-068B-1","23-TER012","140","End Block","Ø25x97.50","45#","4","spare-part-images/043-SB-068B-1-140.png","1","2"
"44","SB-068B-1","23-TER012","138","Hell Block","107.50x85x150","45#","2","spare-part-images/044-SB-068B-1-138.png","2","2"
"45","SB-068B-1","23-TER012","116","Bending 1 die","85x168x230","Cr12MoV","1","spare-part-images/045-SB-068B-1-116.png","2","2"
"46","SB-068B-1","23-TER012","113","Die","70x60x114","45#","1","spare-part-images/046-SB-068B-1-113.png","1","2"
"47","SB-068B-1","23-TER012","118","Die","70x60x114","45#","1","spare-part-images/047-SB-068B-1-118.png","1","2"
"48","SB-068B-1","23-TER012","230","Bending Punch","130x91x168","Cr12MoV","1","spare-part-images/048-SB-068B-1-230.png","2","2"
"49","SB-068B-1","23-TER012","231","Bending Punch","130x91x168","Cr12MoV","1","spare-part-images/049-SB-068B-1-231.png","1","2"
"50","SB-068B-1","23-TER012","228","Pierce Punch","94x102x171","Cr12MoV","1","spare-part-images/050-SB-068B-1-228.png","1","2"
"51","SB-068B-1","23-TER012","229","Pierce Punch","94x102x171","Cr12MoV","1","spare-part-images/051-SB-068B-1-229.png","1","2"
"52","SB-068B-1","23-TER012","206","Pilot","Ø15x63.60","Cr12MoV","1","spare-part-images/052-SB-068B-1-206.png","1","2"
"53","SB-068B-1","23-TER012","209","Pilot","Ø15x46.20","Cr12MoV","1","spare-part-images/053-SB-068B-1-209.png","2","2"
"54","SB-068B-1","23-TER012","208","Punch Holder","30x50x60","45#","1","spare-part-images/054-SB-068B-1-208.png","2","2"
"55","SB-068B-1","23-TER012","220","Pierce Punch","80x61.40x63.40","Cr12MoV","1","spare-part-images/055-SB-068B-1-220.png","1","2"
"56","1160088","Q25.JS.071","20","Punching punch","14.60x60.48x72.00","Cr12MoV","1","spare-part-images/056-1160088-20.png","1","2"
"57","1160088","Q25.JS.071","21","Punching punch","29.01x62.05x70.00","Cr12MoV","1","spare-part-images/057-1160088-21.png","1","2"
"58","1160088","Q25.JS.071","22","Punching punch","15.60x61.50x72.00","Cr12MoV","1","spare-part-images/058-1160088-22.png","1","2"
"59","1160088","Q25.JS.071","23","Punching punch","16.60x61.50x70.00","Cr12MoV","1","spare-part-images/059-1160088-23.png","1","2"
"60","1160088","Q25.JS.071","24","Punching punch","10.30x8.20x73.00","Cr12MoV","8","spare-part-images/060-1160088-24.png","1","2"
"61","1160088","Q25.JS.071","25","Punching punch","22.00x8.20x73.00","Cr12MoV","2","spare-part-images/061-1160088-25.png","1","2"
"62","1160088","Q25.JS.071","26","Punching punch","21.00x43.10x70.00","Cr12MoV","1","spare-part-images/062-1160088-26.png","1","2"
"63","1160088","Q25.JS.071","27","Punching punch","43.10x19.00x70.00","Cr12MoV","1","spare-part-images/063-1160088-27.png","1","2"
"64","1160088","Q25.JS.071","28","Punching punch","65.00x21.26x77.00","Cr12MoV","1","spare-part-images/064-1160088-28.png","1","2"
"65","1160088","Q25.JS.071","29","Punching punch","65.00x20.26x75.00","Cr12MoV","1","spare-part-images/065-1160088-29.png","1","2"
"66","1160088","Q25.JS.071","30","Punching punch","24.80x25.76x75.00","Cr12MoV","1","spare-part-images/066-1160088-30.png","1","2"
"67","1160088","Q25.JS.071","31","Punching punch","24.80x24.76x75.00","Cr12MoV","1","spare-part-images/067-1160088-31.png","1","2"
"68","1160088","Q25.JS.071","32","Upper block","Ø12.00x104.20","Cr12MoV","1","spare-part-images/068-1160088-32.png","1","2"
"69","1160088","Q25.JS.071","33","Lower mold insert","36.00x19.00x30.00","Cr12MoV","2","spare-part-images/069-1160088-33.png","1","2"
"70","1160088","Q25.JS.071","34","Lower mold insert","62.00x17.00x30.00","Cr12MoV","1","spare-part-images/070-1160088-34.png","1","2"
"71","1160088","Q25.JS.071","35","Lower mold insert","62.00x15.50x30.00","Cr12MoV","1","spare-part-images/071-1160088-35.png","1","2"
"72","1160088","Q25.JS.071","36","Lower mold insert","93.50x22.00x30.00","Cr12MoV","1","spare-part-images/072-1160088-36.png","1","2"
"73","1160088","Q25.JS.071","37","Lower mold insert","16.00x5.00x30.00","Cr12MoV","1","spare-part-images/073-1160088-37.png","1","2"
"74","1160088","Q25.JS.071","38","Lower mold insert","92.00x42.00x30.00","Cr12MoV","1","spare-part-images/074-1160088-38.png","1","2"
"75","1160088","Q25.JS.071","39","Lower mold insert","90.00x34.00x30.00","Cr12MoV","1","spare-part-images/075-1160088-39.png","1","2"
"76","1160088","Q25.JS.071","40","Lower mold insert","91.00x26.00x30.00","Cr12MoV","1","spare-part-images/076-1160088-40.png","1","2"
"77","1160088","Q25.JS.071","41","Lower mold insert","33.00x20.88x30.00","Cr12MoV","1","spare-part-images/077-1160088-41.png","1","2"
"78","1160088","Q25.JS.071","42","Lower mold insert","33.00x20.88x30.00","Cr12MoV","1","spare-part-images/078-1160088-42.png","1","2"
"79","1160088","Q25.JS.071","43","Lower mold insert","35.50x38.00x30.00","Cr12MoV","1","spare-part-images/079-1160088-43.png","1","2"
"80","1160088","Q25.JS.071","44","Lower mold insert","35.50x39.00x30.00","Cr12MoV","1","spare-part-images/080-1160088-44.png","1","2"
"81","1160088","Q25.JS.071","45","Lower mold insert","33.00x21.50x30.00","Cr12MoV","1","spare-part-images/081-1160088-45.png","1","2"
"82","1160088","Q25.JS.071","46","Lower mold insert","33.00x21.50x30.00","Cr12MoV","1","spare-part-images/082-1160088-46.png","1","2"
"83","1160088","Q25.JS.071","47","Lower mold insert","36.00x44.00x30.00","Cr12MoV","1","spare-part-images/083-1160088-47.png","1","2"
"84","1160088","Q25.JS.071","48","Lower mold insert","36.00x44.00x30.00","Cr12MoV","1","spare-part-images/084-1160088-48.png","1","2"
"85","1160088","Q25.JS.071","49","Lower mold insert","42.00x59.10x30.00","Cr12MoV","1","spare-part-images/085-1160088-49.png","1","2"
"86","1160088","Q25.JS.071","50","Lower mold insert","42.00x59.10x30.00","Cr12MoV","1","spare-part-images/086-1160088-50.png","1","2"
"87","1160088","Q25.JS.071","51","Lower mold insert","42.00x81.00x30.00","Cr12MoV","1","spare-part-images/087-1160088-51.png","1","2"
"88","1160088","Q25.JS.071","52","Lower mold insert","42.00x81.00x30.00","Cr12MoV","1","spare-part-images/088-1160088-52.png","1","2"
"89","1160088","Q25.JS.071","53","Lower mold insert","14.50x33.00x11.50","45#","1","spare-part-images/089-1160088-53.png","1","2"
"90","1160088","Q25.JS.071","54","Lower mold insert","15.50x33.00x37.60","Cr12MoV","1","spare-part-images/090-1160088-54.png","1","2"
"91","1160088","Q25.JS.071","55","Lower mold insert","14.50x33.00x11.50","45#","1","spare-part-images/091-1160088-55.png","1","2"
"92","1160088","Q25.JS.071","56","Lower mold insert","15.50x33.00x37.60","Cr12MoV","1","spare-part-images/092-1160088-56.png","1","2"
"93","1160088","Q25.JS.071","57","Lower mold insert","13.00x18.00x30.00","45#","2","spare-part-images/093-1160088-57.png","1","2"
"94","1160088","Q25.JS.071","58","Lower mold insert","43.00x54.80x30.00","Cr12MoV","1","spare-part-images/094-1160088-58.png","1","2"
"95","1160088","Q25.JS.071","59","Lower mold insert","42.00x54.80x30.00","Cr12MoV","1","spare-part-images/095-1160088-59.png","1","2"
"96","1188861+62","QT25.JS.068-2","1","Main bracket","60.0x167.0x74.50","Cr12","1","spare-part-images/096-1188861-62-1.png","1","2"
"97","1188861+62","QT25.JS.068-2","2","R position plate","9.90x98.0x63.0","Cr12","1","spare-part-images/097-1188861-62-2.png","1","2"
"98","1188861+62","QT25.JS.068-2","3","L position plate","9.90x98.0x62.50","Cr12","1","spare-part-images/098-1188861-62-3.png","1","2"
"99","1188861+62","QT25.JS.068-2","4","R pressure plate","10.0x86.50x63.50","Cr12","1","spare-part-images/099-1188861-62-4.png","1","2"
"100","1188861+62","QT25.JS.068-2","5","L pressure plate","10.0x93.0x63.50","Cr12","1","spare-part-images/100-1188861-62-5.png","1","2"
"101","1188861+62","QT25.JS.068-2","8","irregular shaft core","Ø50.6x17.0","Cr12MoV","1","spare-part-images/101-1188861-62-8.png","1","2"
"102","1188861+62","QT25.JS.068-2","9","Full tooth shaft","Ø48x17.0","Cr12MoV","1","spare-part-images/102-1188861-62-9.png","1","2"
"103","1188861+62","QT25.JS.068-2","10","Positioning Post","Ø5.2x19","Cr12","1","spare-part-images/103-1188861-62-10.png","1","2"
"104","1188861+62","QT25.JS.068-2","11","Positioning Post","Ø4.10x19","Cr12","1","spare-part-images/104-1188861-62-11.png","1","2"
"105","1188861+62","QT25.JS.068-2","12","Positioning Post","Ø4.61x19","Cr12","1","spare-part-images/105-1188861-62-12.png","1","2"
"106","1188861+62","QT25.JS.068-2","13","Positioning Post","Ø3.91x19","Cr12","1","spare-part-images/106-1188861-62-13.png","1","2"
"107","1188861+62","QT25.JS.068-2","14","Positioning Post","Ø4.01x19","Cr12","1","spare-part-images/107-1188861-62-14.png","1","2"
"108","1188861+62","QT25.JS.068-2","15","Positioning Post","Ø3.26x19","Cr12","1","spare-part-images/108-1188861-62-15.png","1","2"
"109","1188861+62","QT25.JS.068-2","16","Positioning Post","Ø3.51x19","Cr12","1","spare-part-images/109-1188861-62-16.png","1","2"
"110","1185900/1100777","Q25JS029","56","Lower mold insert","33.00x65.00x30.00","Cr12MoV","1","spare-part-images/110-1185900-1100777-56.png","1","2"
"111","1185900/1100777","Q25JS029","58","Punching punch","54.82x47.30x79.50","Cr12MoV","1","spare-part-images/111-1185900-1100777-58.png","1","2"
"112","1185900/1100777","Q25JS029","60","Punching punch","34.20x57.87x79.00","Cr12MoV","1","spare-part-images/112-1185900-1100777-60.png","1","2"
"113","1185900/1100777","Q25JS029","62","Lower mold insert","57.82x46.30x31.50","Cr12MoV","1","spare-part-images/113-1185900-1100777-62.png","1","2"
"114","1185900/1100777","Q25JS029","65","Lower mold insert","120.00x31.00x120.00","45#","1","spare-part-images/114-1185900-1100777-65.png","1","2"
"115","1185900/1100777","Q25JS029","66","Forming punch","87.00x54.00x120.00","Cr12MoV","1","spare-part-images/115-1185900-1100777-66.png","1","2"
"116","1185900/1100777","Q25JS029","69","Upper block","106.00x34.00x83.00","Cr12MoV","1","spare-part-images/116-1185900-1100777-69.png","1","2"
"117","1185900/1100777","Q25JS029","71","Lower mold insert","88.00x66.00x35.00","Cr12MoV","1","spare-part-images/117-1185900-1100777-71.png","1","2"
"118","1185900/1100777","Q25JS029","72","Lower block","120.00x64.00x5.00","45#","1","spare-part-images/118-1185900-1100777-72.png","1","2"
"119","1185900/1100777","Q25JS029","73","Forming punch","87.00x54.00x120.00","Cr12MoV","1","spare-part-images/119-1185900-1100777-73.png","1","2"
"120","1185900/1100777","Q25JS029","74","Lower mold insert","120.00x31.00x120.00","45#","1","spare-part-images/120-1185900-1100777-74.png","1","2"
"121","1185900/1100777","Q25JS029","75","Punching punch","50.58x53.00x48.00","Cr12MoV","1","spare-part-images/121-1185900-1100777-75.png","1","2"
"122","1185900/1100777","Q25JS029","76","Punching punch","49.10x49.10x31.00","Cr12MoV","1","spare-part-images/122-1185900-1100777-76.png","1","2"
"123","1185900/1100777","Q25JS029","77","Lower mold insert","82.00x78.00x15.90","Cr12MoV","1","spare-part-images/123-1185900-1100777-77.png","1","2"
"124","1185900/1100777","Q25JS029","78","Lower mold insert","81.60x77.60x15.00","Cr12MoV","1","spare-part-images/124-1185900-1100777-78.png","1","2"
"125","1185900/1100777","Q25JS029","79","Punching punch","109.00x79.07x87.50","Cr12MoV","1","spare-part-images/125-1185900-1100777-79.png","1","2"
"126","1185900/1100777","Q25JS029","80","Lower mold insert","129.00x95.00x30.00","Cr12MoV","1","spare-part-images/126-1185900-1100777-80.png","1","2"
"127","1185900/1100777","Q25JS029","81","Punching punch","109.00x106.83x86.50","Cr12MoV","1","spare-part-images/127-1185900-1100777-81.png","1","2"
"128","1185900/1100777","Q25JS029","82","Lower mold insert","129.00x123.00x30.00","Cr12MoV","1","spare-part-images/128-1185900-1100777-82.png","1","2"
"129","1185900/1100777","Q25JS029","83","Forming punch","103.50x37.90x94.80","Cr12MoV","1","spare-part-images/129-1185900-1100777-83.png","1","2"
"130","1185900/1100777","Q25JS029","93","Forming punch","88.50x37.90x94.80","Cr12MoV","1","spare-part-images/130-1185900-1100777-93.png","1","2"
"131","1185900/1100777","Q25JS029","98","Forming punch","80.00x35.00x140.20","Cr12MoV","1","spare-part-images/131-1185900-1100777-98.png","1","2"
"132","1185900/1100777","Q25JS029","105","Forming punch","92.00x35.00x140.00","Cr12MoV","1","spare-part-images/132-1185900-1100777-105.png","1","2"
"133","1185900/1100777","Q25JS029","108","Forming punch","75.00x72.00x96.00","Cr12MoV","1","spare-part-images/133-1185900-1100777-108.png","1","2"
"134","1185900/1100777","Q25JS029","109","Forming punch","102.00x72.00x96.00","Cr12MoV","1","spare-part-images/134-1185900-1100777-109.png","1","2"
"135","1185900/1100777","Q25JS029","111","Lower mold insert","122.00x31.80x49.00","Cr12MoV","1","spare-part-images/135-1185900-1100777-111.png","1","2"
"136","1185900/1100777","Q25JS029","112","Lower mold insert","106.00x28.78x79.00","Cr12MoV","1","spare-part-images/136-1185900-1100777-112.png","1","2"
"137","1185900/1100777","Q25JS029","113","Lower mold insert","122.00x31.80x49.00","Cr12MoV","1","spare-part-images/137-1185900-1100777-113.png","1","2"
"138","1185900/1100777","Q25JS029","114","Lower mold insert","181.50x57.02x17.00","45#","1","spare-part-images/138-1185900-1100777-114.png","1","2"
"139","1185900/1100777","Q25JS029","119","Lower mold insert","109.00x31.60x49.00","Cr12MoV","1","spare-part-images/139-1185900-1100777-119.png","1","2"
"140","1185900/1100777","Q25JS029","120","Lower mold insert","98.00x28.23x79.00","Cr12MoV","1","spare-part-images/140-1185900-1100777-120.png","1","2"
"141","1185900/1100777","Q25JS029","121","Lower mold insert","109.00x31.60x49.00","Cr12MoV","1","spare-part-images/141-1185900-1100777-121.png","1","2"
"142","1185900/1100777","Q25JS029","137","Lower mold insert","Ø20.0x16.80","45#","1","spare-part-images/142-1185900-1100777-137.png","1","2"
"143","1185900/1100777","Q25JS029","138","Lower mold insert","12.00x11.00x15.00","Cr12MoV","1","spare-part-images/143-1185900-1100777-138.png","1","2"
"144","1185900/1100777","Q25JS029","150","Forming punch","15.00x38.00x77.31","Cr12MoV","1","spare-part-images/144-1185900-1100777-150.png","1","2"
"145","1160092","Q25.JS.072","34","Lower mold insert","178.0x95.1x30.00","Cr12MoV","1","spare-part-images/145-1160092-34.png","1","2"
"146","1160092","Q25.JS.072","35","Lower mold insert","141.0x95.1x30.00","Cr12MoV","1","spare-part-images/146-1160092-35.png","1","2"
"147","1160092","Q25.JS.072","49","Lower mold insert","137.5x76.0x30.00","Cr12MoV","1","spare-part-images/147-1160092-49.png","1","2"
"148","1160092","Q25.JS.072","73","Take off block","Ø11.0x65.60","Cr12MoV","3","spare-part-images/148-1160092-73.png","1","2"
"149","1160092","Q25.JS.072","74","Take off block","Ø10.0x65.60","Cr12MoV","5","spare-part-images/149-1160092-74.png","1","2"
"150","1160092","Q25.JS.072","75","Forming punch","35.0x71.0x90.0","Cr12MoV","1","spare-part-images/150-1160092-75.png","1","2"
"151","1160092","Q25.JS.072","76","Forming punch","35.0x71.0x90.0","Cr12MoV","1","spare-part-images/151-1160092-76.png","1","2"
"152","1160092","Q25.JS.072","77","Forming punch","29.0x71.0x97.0","Cr12MoV","1","spare-part-images/152-1160092-77.png","1","2"
"153","1160092","Q25.JS.072","78","Forming punch","29.0x71.0x97.0","Cr12MoV","1","spare-part-images/153-1160092-78.png","1","2"
"154","1160092","Q25.JS.072","79","Take off block","16.85x15.20x100.90","Cr12MoV","1","spare-part-images/154-1160092-79.png","1","2"
"155","1160092","Q25.JS.072","80","Take off block","16.85x15.20x100.90","Cr12MoV","1","spare-part-images/155-1160092-80.png","1","2"
"156","1160092","Q25.JS.072","81","Lower mold insert","36.30x71.0x40.0","Cr12MoV","1","spare-part-images/156-1160092-81.png","1","2"
"157","1160092","Q25.JS.072","82","Lower mold insert","36.30x71.0x40.0","Cr12MoV","1","spare-part-images/157-1160092-82.png","1","2"
"158","1160092","Q25.JS.072","83","Lower mold insert","31.0x70.0x40.0","Cr12MoV","1","spare-part-images/158-1160092-83.png","1","2"
"159","1160092","Q25.JS.072","84","Lower mold insert","31.0x70.0x40.0","Cr12MoV","1","spare-part-images/159-1160092-84.png","1","2"
"160","1160092","Q25.JS.072","85","Lower mold insert","42.0x60.0x75.0","45#","2","spare-part-images/160-1160092-85.png","1","2"
"161","1160092","Q25.JS.072","86","Lower mold insert","43.0x60.0x43.0","Cr12MoV","2","spare-part-images/161-1160092-86.png","1","2"
"162","1160092","Q25.JS.072","87","Forming punch","38.0x29.0x113.0","Cr12MoV","2","spare-part-images/162-1160092-87.png","1","2"
"163","1160092","Q25.JS.072","88","Take off block","32.70x70.50x15.0","Cr12MoV","2","spare-part-images/163-1160092-88.png","1","2"
"164","1160092","Q25.JS.072","89","Take off block","32.70x70.50x15.0","Cr12MoV","1","spare-part-images/164-1160092-89.png","1","2"
"165","1160092","Q25.JS.072","90","Take off block","21.13x70.46x28.0","Cr12MoV","1","spare-part-images/165-1160092-90.png","1","2"
"166","1160092","Q25.JS.072","91","Take off block","21.13x70.46x28.0","Cr12MoV","1","spare-part-images/166-1160092-91.png","1","2"
"167","1160092","Q25.JS.072","93","Take off block","60.0x70.0x15.50","Cr12MoV","1","spare-part-images/167-1160092-93.png","1","2"
"168","1160092","Q25.JS.072","94","Take off block","60.0x70.0x15.50","Cr12MoV","1","spare-part-images/168-1160092-94.png","1","2"
"169","1160092","Q25.JS.072","97","Lower mold insert","13.0x36.0x30.0","Cr12MoV","1","spare-part-images/169-1160092-97.png","1","2"
"170","1160092","Q25.JS.072","98","Lower mold insert","37.0x42.0x30.0","Cr12MoV","1","spare-part-images/170-1160092-98.png","1","2"
"171","1160092","Q25.JS.072","99","Lower mold insert","37.0x42.0x30.0","Cr12MoV","1","spare-part-images/171-1160092-99.png","1","2"
"172","1160092","Q25.JS.072","100","Lower mold insert","37.0x42.0x30.0","Cr12MoV","1","spare-part-images/172-1160092-100.png","1","2"
"173","1160092","Q25.JS.072","101","Lower mold insert","30.75x71.0x46.30","Cr12MoV","1","spare-part-images/173-1160092-101.png","1","2"
"174","1160092","Q25.JS.072","102","Lower mold insert","30.75x71.0x46.30","Cr12MoV","1","spare-part-images/174-1160092-102.png","1","2"
"175","1160092","Q25.JS.072","103","Lower mold insert","32.70x20.50x42.0","Cr12MoV","1","spare-part-images/175-1160092-103.png","1","2"
"176","1160092","Q25.JS.072","104","Take off block","32.70x20.50x45.0","Cr12MoV","1","spare-part-images/176-1160092-104.png","1","2"
"177","1160092","Q25.JS.072","105","Lower mold insert","29.05x39.0x60.0","Cr12MoV","1","spare-part-images/177-1160092-105.png","1","2"
"178","1160092","Q25.JS.072","106","Lower mold insert","29.05x39.0x60.0","Cr12MoV","1","spare-part-images/178-1160092-106.png","1","2"
"179","1160092","Q25.JS.072","117","Lower mold insert","60.0x66.0x26.50","Cr12MoV","1","spare-part-images/179-1160092-117.png","1","2"
"180","1160092","Q25.JS.072","118","Lower mold insert","60.0x66.0x26.50","Cr12MoV","1","spare-part-images/180-1160092-118.png","1","2"
"181","1160092","Q25.JS.072","119","Punching punch","84.50x72.0x84.0","Cr12MoV","1","spare-part-images/181-1160092-119.png","1","2"
"182","1160092","Q25.JS.072","120","Punching punch","64.50x72.0x84.0","Cr12MoV","1","spare-part-images/182-1160092-120.png","1","2"
"183","1160092","Q25.JS.072","121","Punching punch","39.50x53.40x80.0","Cr12MoV","1","spare-part-images/183-1160092-121.png","1","2"
"184","1160092","Q25.JS.072","122","Punching punch","39.50x53.40x80.0","Cr12MoV","1","spare-part-images/184-1160092-122.png","1","2"
"185","1160092","Q25.JS.072","123","Punching punch","24.50x17.13x80.0","Cr12MoV","1","spare-part-images/185-1160092-123.png","1","2"
"186","1160092","Q25.JS.072","124","Punching punch","24.50x17.13x80.0","Cr12MoV","1","spare-part-images/186-1160092-124.png","1","2"
"187","1160092","Q25.JS.072","125","Punching punch","12.20x20.80x82.0","Cr12MoV","4","spare-part-images/187-1160092-125.png","1","2"
"188","1160092","Q25.JS.072","126","Punching punch","12.50x52.55x80.0","Cr12MoV","1","spare-part-images/188-1160092-126.png","1","2"
"189","1160092","Q25.JS.072","127","Punching punch","12.5x52.55x80.0","Cr12MoV","1","spare-part-images/189-1160092-127.png","1","2"
"190","1160092","Q25.JS.072","128","Forming punch","26.50x55.15x73.0","Cr12MoV","1","spare-part-images/190-1160092-128.png","1","2"
"191","1160092","Q25.JS.072","129","Punching punch","29.0x21.30x90.0","Cr12MoV","1","spare-part-images/191-1160092-129.png","1","2"
"192","1160092","Q25.JS.072","130","Punching punch","29.0x21.30x90.0","Cr12MoV","1","spare-part-images/192-1160092-130.png","1","2"
"193","1160092","Q25.JS.072","137","Lower mold insert","12.6x55.26x16.50","Cr12MoV","2","spare-part-images/193-1160092-137.png","1","2"
"194","1160092","Q25.JS.072","138","Lower mold insert","19.0x16.0x15.0","Cr12MoV","2","spare-part-images/194-1160092-138.png","1","2"
"195","1160092","Q25.JS.072","139","Lower mold insert","36.30x79.0x30.0","Cr12MoV","1","spare-part-images/195-1160092-139.png","1","2"
"196","1160092","Q25.JS.072","140","Lower mold insert","36.5x79.0x30.0","Cr12MoV","1","spare-part-images/196-1160092-140.png","1","2"
"197","1160092","Q25.JS.072","141","Lower mold insert","103.0x96.0x30.0","Cr12MoV","1","spare-part-images/197-1160092-141.png","1","2"
"198","1160092","Q25.JS.072","142","Lower mold insert","103.0x96.0x30.0","Cr12MoV","1","spare-part-images/198-1160092-142.png","1","2"
"199","1160092","Q25.JS.072","143","Lower mold insert","52.0x70.0x30.0","Cr12MoV","1","spare-part-images/199-1160092-143.png","1","2"
"200","1160092","Q25.JS.072","144","Lower mold insert","52.0x70.0x30.0","Cr12MoV","1","spare-part-images/200-1160092-144.png","1","2"
"201","1160092","Q25.JS.072","145","Lower mold insert","36.0x45.0x30.0","Cr12MoV","1","spare-part-images/201-1160092-145.png","1","2"
"202","1160092","Q25.JS.072","146","Lower mold insert","36.0x45.0x30.0","Cr12MoV","1","spare-part-images/202-1160092-146.png","1","2"
"203","1160092","Q25.JS.072","147","Lower mold insert","25.0x87.0x30.0","Cr12MoV","1","spare-part-images/203-1160092-147.png","1","2"
"204","1160092","Q25.JS.072","148","Lower mold insert","25.0x87.0x30.0","Cr12MoV","1","spare-part-images/204-1160092-148.png","1","2"
"205","1160092","Q25.JS.072","149","Lower mold insert","26.0x61.0x30.0","Cr12MoV","1","spare-part-images/205-1160092-149.png","1","2"
"206","1160092","Q25.JS.072","150","Lower mold insert","42.0x26.0x30.0","Cr12MoV","1","spare-part-images/206-1160092-150.png","1","2"
"207","1160092","Q25.JS.072","151","Lower mold insert","43.0x26.0x30.0","Cr12MoV","1","spare-part-images/207-1160092-151.png","1","2"
"208","1160092","Q25.JS.072","152","Lower mold insert","39.0x19.0x30.0","Cr12MoV","1","spare-part-images/208-1160092-152.png","1","2"
"209","1160092","Q25.JS.072","153","Lower mold insert","39.0x19.0x30.0","Cr12MoV","1","spare-part-images/209-1160092-153.png","1","2"
"210","1160092","Q25.JS.072","154","Lower mold insert","Ø16.0x26.50","Cr12MoV","4","spare-part-images/210-1160092-154.png","1","2"
"211","1160092","Q25.JS.072","155","Lower mold insert","38.50x13.79x30.0","Cr12MoV","1","spare-part-images/211-1160092-155.png","1","2"
"212","1160092","Q25.JS.072","156","Lower mold insert","41.5x16.0x30.0","Cr12MoV","1","spare-part-images/212-1160092-156.png","1","2"
"213","1160092","Q25.JS.072","157","Lower mold insert","39.50x13.99x30.0","Cr12MoV","1","spare-part-images/213-1160092-157.png","1","2"
"214","1160092","Q25.JS.072","158","Lower mold insert","6.0x8.22x30.0","Cr12MoV","2","spare-part-images/214-1160092-158.png","1","2"
"215","1160092","Q25.JS.072","159","Lower mold insert","75.80x48.80x12.0","Cr12MoV","2","spare-part-images/215-1160092-159.png","1","2"
"216","R002U370A,R002U478A","Q25.JS.073","51","Forming punch","76x6.04x53.59","Cr12MoV","1","spare-part-images/216-R002U370A-R002U478A-51.png","1","2"
"217","R002U370A,R002U478A","Q25.JS.073","52","Forming punch","76.10x11x12","Cr12MoV","1","spare-part-images/217-R002U370A-R002U478A-52.png","1","2"
"218","R002U370A,R002U478A","Q25.JS.073","53","Forming punch","Ø11x76.20","Cr12MoV","1","spare-part-images/218-R002U370A-R002U478A-53.png","1","2"
"219","R002U370A,R002U478A","Q25.JS.073","54","Punching punch","15x21x80","Cr12MoV","1","spare-part-images/219-R002U370A-R002U478A-54.png","1","2"
"220","R002U370A,R002U478A","Q25.JS.073","55","Punching punch","13x17.50x80","Cr12MoV","1","spare-part-images/220-R002U370A-R002U478A-55.png","1","2"
"221","R002U370A,R002U478A","Q25.JS.073","57","Punching punch","12x16x80","Cr12MoV","1","spare-part-images/221-R002U370A-R002U478A-57.png","1","2"
"222","R002U370A,R002U478A","Q25.JS.073","58","Punching punch","17x14.55x56","Cr12MoV","1","spare-part-images/222-R002U370A-R002U478A-58.png","1","2"
"223","R002U370A,R002U478A","Q25.JS.073","59","Upper block","59.50x27.60x50","Cr12MoV","1","spare-part-images/223-R002U370A-R002U478A-59.png","1","2"
"224","R002U370A,R002U478A","Q25.JS.073","60","Upper block","59.50x27.60x50","Cr12MoV","1","spare-part-images/224-R002U370A-R002U478A-60.png","1","2"
"225","R002U370A,R002U478A","Q25.JS.073","61","Upper block","70.50x34.60x50","Cr12MoV","1","spare-part-images/225-R002U370A-R002U478A-61.png","1","2"
"226","R002U370A,R002U478A","Q25.JS.073","62","Upper block","70.50x34.60x50","Cr12MoV","1","spare-part-images/226-R002U370A-R002U478A-62.png","1","2"
"227","R002U370A,R002U478A","Q25.JS.073","63","Punching punch","13.40x21.80x80","Cr12MoV","2","spare-part-images/227-R002U370A-R002U478A-63.png","1","2"
"228","R002U370A,R002U478A","Q25.JS.073","64","Punching punch","13.40x21.80x80","Cr12MoV","2","spare-part-images/228-R002U370A-R002U478A-64.png","1","2"
"229","R002U370A,R002U478A","Q25.JS.073","65","Punching punch","30.36x11.66x80","Cr12MoV","1","spare-part-images/229-R002U370A-R002U478A-65.png","1","2"
"230","R002U370A,R002U478A","Q25.JS.073","66","Punching punch","18.93x9.81x80","Cr12MoV","1","spare-part-images/230-R002U370A-R002U478A-66.png","1","2"
"231","R002U370A,R002U478A","Q25.JS.073","67","Punching punch","58.96x38.21x80","Cr12MoV","1","spare-part-images/231-R002U370A-R002U478A-67.png","1","2"
"232","R002U370A,R002U478A","Q25.JS.073","68","Punching punch","71.81x37.85x80","Cr12MoV","1","spare-part-images/232-R002U370A-R002U478A-68.png","1","2"
"233","R002U370A,R002U478A","Q25.JS.073","69","Punching punch","66.45x112x80","Cr12MoV","1","spare-part-images/233-R002U370A-R002U478A-69.png","1","2"
"234","R002U370A,R002U478A","Q25.JS.073","70","Punching punch","42.92x112x80","Cr12MoV","1","spare-part-images/234-R002U370A-R002U478A-70.png","1","2"
"235","R002U370A,R002U478A","Q25.JS.073","71","Punching punch","55.50x32.10x80","Cr12MoV","1","spare-part-images/235-R002U370A-R002U478A-71.png","1","2"
"236","R002U370A,R002U478A","Q25.JS.073","72","Punching punch","25.36x25.16x80","Cr12MoV","1","spare-part-images/236-R002U370A-R002U478A-72.png","1","2"
"237","R002U370A,R002U478A","Q25.JS.073","73","Punching punch","25x25x80","Cr12MoV","1","spare-part-images/237-R002U370A-R002U478A-73.png","1","2"
"238","R002U370A,R002U478A","Q25.JS.073","74","Forming punch","47.55x17.60x75","Cr12MoV","1","spare-part-images/238-R002U370A-R002U478A-74.png","1","2"
"239","R002U370A,R002U478A","Q25.JS.073","75","Upper block","49x50.58x49","Cr12MoV","1","spare-part-images/239-R002U370A-R002U478A-75.png","1","2"
"240","R002U370A,R002U478A","Q25.JS.073","76","Punching punch","46x48.80x80","Cr12MoV","1","spare-part-images/240-R002U370A-R002U478A-76.png","1","2"
"241","R002U370A,R002U478A","Q25.JS.073","77","Punching punch","Ø26x31","Cr12MoV","1","spare-part-images/241-R002U370A-R002U478A-77.png","1","2"
"242","R002U370A,R002U478A","Q25.JS.073","78","Punching punch","11x7.68x80","Cr12MoV","1","spare-part-images/242-R002U370A-R002U478A-78.png","1","2"
"243","R002U370A,R002U478A","Q25.JS.073","79","Forming punch","Ø13x75","Cr12MoV","7","spare-part-images/243-R002U370A-R002U478A-79.png","1","2"
"244","R002U370A,R002U478A","Q25.JS.073","80","Forming punch","Ø9.50x77.2","Cr12MoV","1","spare-part-images/244-R002U370A-R002U478A-80.png","1","2"
"245","R002U370A,R002U478A","Q25.JS.073","81","Upper block","20x106x75","Cr12MoV","1","spare-part-images/245-R002U370A-R002U478A-81.png","1","2"
"246","R002U370A,R002U478A","Q25.JS.073","82","Upper block","15x106x75","Cr12MoV","1","spare-part-images/246-R002U370A-R002U478A-82.png","1","2"
"247","R002U370A,R002U478A","Q25.JS.073","83","Upper block","15x106x75","Cr12MoV","1","spare-part-images/247-R002U370A-R002U478A-83.png","1","2"
"248","R002U370A,R002U478A","Q25.JS.073","84","Upper block","15x106x75","Cr12MoV","1","spare-part-images/248-R002U370A-R002U478A-84.png","1","2"
"249","R002U370A,R002U478A","Q25.JS.073","85","Upper block","15x106x75","Cr12MoV","1","spare-part-images/249-R002U370A-R002U478A-85.png","1","2"
"250","R002U370A,R002U478A","Q25.JS.073","86","Upper block","15x95x75","Cr12MoV","1","spare-part-images/250-R002U370A-R002U478A-86.png","1","2"
"251","R002U370A,R002U478A","Q25.JS.073","87","Upper block","15x95x75","Cr12MoV","1","spare-part-images/251-R002U370A-R002U478A-87.png","1","2"
"252","R002U370A,R002U478A","Q25.JS.073","88","Upper block","15x95x75","Cr12MoV","1","spare-part-images/252-R002U370A-R002U478A-88.png","1","2"
"253","R002U370A,R002U478A","Q25.JS.073","89","Upper block","15x95x75","Cr12MoV","1","spare-part-images/253-R002U370A-R002U478A-89.png","1","2"
"254","R002U370A,R002U478A","Q25.JS.073","90","Upper block","20x95x75","Cr12MoV","1","spare-part-images/254-R002U370A-R002U478A-90.png","1","2"
"255","R002U370A,R002U478A","Q25.JS.073","91","Upper block","92x89x99","Cr12MoV","1","spare-part-images/255-R002U370A-R002U478A-91.png","1","2"
"256","R002U370A,R002U478A","Q25.JS.073","92","Upper block","87x85x99","Cr12MoV","1","spare-part-images/256-R002U370A-R002U478A-92.png","1","2"
"257","R002U370A,R002U478A","Q25.JS.073","93","Upper block","40x80x106.80","Cr12MoV","1","spare-part-images/257-R002U370A-R002U478A-93.png","1","2"
"258","R002U370A,R002U478A","Q25.JS.073","94","Upper block","40x80x106.80","Cr12MoV","1","spare-part-images/258-R002U370A-R002U478A-94.png","1","2"
"259","R002U370A,R002U478A","Q25.JS.073","95","Punching punch","44x21.70x80","Cr12MoV","1","spare-part-images/259-R002U370A-R002U478A-95.png","1","2"
"260","R002U370A,R002U478A","Q25.JS.073","97","Take off the block","36x14x25","Cr12MoV","1","spare-part-images/260-R002U370A-R002U478A-97.png","1","2"
"261","R002U370A,R002U478A","Q25.JS.073","98","Upper block","72x66x25","Cr12MoV","1","spare-part-images/261-R002U370A-R002U478A-98.png","1","2"
"262","R002U370A,R002U478A","Q25.JS.073","100","Upper block","43x35x25","Cr12MoV","1","spare-part-images/262-R002U370A-R002U478A-100.png","1","2"
"263","R002U370A,R002U478A","Q25.JS.073","102","Upper block","26x25x25","Cr12MoV","1","spare-part-images/263-R002U370A-R002U478A-102.png","1","2"
"264","R002U370A,R002U478A","Q25.JS.073","103","Upper block","26x25x25","Cr12MoV","1","spare-part-images/264-R002U370A-R002U478A-103.png","1","2"
"265","R002U370A,R002U478A","Q25.JS.073","106","Take off the block","82x61x25","Cr12MoV","1","spare-part-images/265-R002U370A-R002U478A-106.png","1","2"
"266","R002U370A,R002U478A","Q25.JS.073","107","Take off the block","82x61x25","Cr12MoV","1","spare-part-images/266-R002U370A-R002U478A-107.png","1","2"
"267","R002U370A,R002U478A","Q25.JS.073","108","Take off the block","74x54x25","Cr12MoV","1","spare-part-images/267-R002U370A-R002U478A-108.png","1","2"
"268","R002U370A,R002U478A","Q25.JS.073","109","Take off the block","74x54x25","Cr12MoV","1","spare-part-images/268-R002U370A-R002U478A-109.png","1","2"
"269","R002U370A,R002U478A","Q25.JS.073","110","Take off the block","Ø13x46.50","Cr12MoV","2","spare-part-images/269-R002U370A-R002U478A-110.png","1","2"
"270","R002U370A,R002U478A","Q25.JS.073","111","Take off the block","Ø11x46","Cr12MoV","2","spare-part-images/270-R002U370A-R002U478A-111.png","1","2"
"271","R002U370A,R002U478A","Q25.JS.073","112","Take off the block","33.50x19x25","Cr12MoV","1","spare-part-images/271-R002U370A-R002U478A-112.png","1","2"
"272","R002U370A,R002U478A","Q25.JS.073","113","Take off the block","33.50x19x25","Cr12MoV","1","spare-part-images/272-R002U370A-R002U478A-113.png","1","2"
"273","R002U370A,R002U478A","Q25.JS.073","114","Take off the block","11x10x25.30","Cr12MoV","1","spare-part-images/273-R002U370A-R002U478A-114.png","1","2"
"274","R002U370A,R002U478A","Q25.JS.073","115","Take off the block","10x10x25.30","Cr12MoV","1","spare-part-images/274-R002U370A-R002U478A-115.png","1","2"
"275","R002U370A,R002U478A","Q25.JS.073","116","Take off the block","93.50x35.10x25","Cr12MoV","1","spare-part-images/275-R002U370A-R002U478A-116.png","1","2"
"276","R002U370A,R002U478A","Q25.JS.073","117","Take off the block","14.50x24.15x25","Cr12MoV","1","spare-part-images/276-R002U370A-R002U478A-117.png","1","2"
"277","R002U370A,R002U478A","Q25.JS.073","118","Take off the block","Ø18x25","Cr12MoV","1","spare-part-images/277-R002U370A-R002U478A-118.png","1","2"
"278","R002U370A,R002U478A","Q25.JS.073","119","Take off the block","Ø18x25","Cr12MoV","1","spare-part-images/278-R002U370A-R002U478A-119.png","1","2"
"279","R002U370A,R002U478A","Q25.JS.073","120","Upper block","Ø13x40","Cr12MoV","2","spare-part-images/279-R002U370A-R002U478A-120.png","1","2"
"280","R002U370A,R002U478A","Q25.JS.073","121","Take off the block","Ø11x40.80","Cr12MoV","6","spare-part-images/280-R002U370A-R002U478A-121.png","1","2"
"281","R002U370A,R002U478A","Q25.JS.073","122","Take off the block","Ø16x31.40","Cr12MoV","1","spare-part-images/281-R002U370A-R002U478A-122.png","1","2"
"282","R002U370A,R002U478A","Q25.JS.073","123","Take off the block","29x88x28","Cr12MoV","1","spare-part-images/282-R002U370A-R002U478A-123.png","1","2"
"283","R002U370A,R002U478A","Q25.JS.073","124","Take off the block","29x84x28","Cr12MoV","1","spare-part-images/283-R002U370A-R002U478A-124.png","1","2"
"284","R002U370A,R002U478A","Q25.JS.073","125","Take off the block","13x96.10x20.10","Cr12MoV","1","spare-part-images/284-R002U370A-R002U478A-125.png","1","2"
"285","R002U370A,R002U478A","Q25.JS.073","126","Lower mold insert","35x20x30","Cr12MoV","1","spare-part-images/285-R002U370A-R002U478A-126.png","1","2"
"286","R002U370A,R002U478A","Q25.JS.073","127","Lower mold insert","35x20x30","Cr12MoV","1","spare-part-images/286-R002U370A-R002U478A-127.png","1","2"
"287","R002U370A,R002U478A","Q25.JS.073","128","Lower mold insert","87x20x30","Cr12MoV","1","spare-part-images/287-R002U370A-R002U478A-128.png","1","2"
"288","R002U370A,R002U478A","Q25.JS.073","129","Lower mold insert","32x18.66x30","Cr12MoV","1","spare-part-images/288-R002U370A-R002U478A-129.png","1","2"
"289","R002U370A,R002U478A","Q25.JS.073","130","Lower mold insert","43x28x30","Cr12MoV","1","spare-part-images/289-R002U370A-R002U478A-130.png","1","2"
"290","R002U370A,R002U478A","Q25.JS.073","131","Lower mold insert","75.95x73.95x15","Cr12MoV","1","spare-part-images/290-R002U370A-R002U478A-131.png","1","2"
"291","R002U370A,R002U478A","Q25.JS.073","132","Lower mold insert","2.50x53.05x29","Cr12MoV","1","spare-part-images/291-R002U370A-R002U478A-132.png","1","2"
"292","R002U370A,R002U478A","Q25.JS.073","133","Lower mold insert","2.34x4.34x29","Cr12MoV","1","spare-part-images/292-R002U370A-R002U478A-133.png","1","2"
"293","R002U370A,R002U478A","Q25.JS.073","134","Lower mold insert","Ø52x30.90","Cr12MoV","1","spare-part-images/293-R002U370A-R002U478A-134.png","1","2"
"294","R002U370A,R002U478A","Q25.JS.073","135","Lower mold insert","30x18x30","Cr12MoV","1","spare-part-images/294-R002U370A-R002U478A-135.png","1","2"
"295","R002U370A,R002U478A","Q25.JS.073","136","Lower mold insert","31x18.66x29.99","Cr12MoV","1","spare-part-images/295-R002U370A-R002U478A-136.png","1","2"
"296","R002U370A,R002U478A","Q25.JS.073","137","Lower mold insert","Ø13x28.79","Cr12MoV","1","spare-part-images/296-R002U370A-R002U478A-137.png","1","2"
"297","R002U370A,R002U478A","Q25.JS.073","138","Lower mold insert","36x20x30","Cr12MoV","1","spare-part-images/297-R002U370A-R002U478A-138.png","1","2"
"298","R002U370A,R002U478A","Q25.JS.073","139","Lower mold insert","35x20x30","Cr12MoV","1","spare-part-images/298-R002U370A-R002U478A-139.png","1","2"
"299","R002U370A,R002U478A","Q25.JS.073","140","Lower mold insert","23x32x30","Cr12MoV","1","spare-part-images/299-R002U370A-R002U478A-140.png","1","2"
"300","R002U370A,R002U478A","Q25.JS.073","141","Lower mold insert","16.50x24x30","Cr12MoV","1","spare-part-images/300-R002U370A-R002U478A-141.png","1","2"
"301","R002U370A,R002U478A","Q25.JS.073","142","Lower mold insert","36x36x15","Cr12MoV","1","spare-part-images/301-R002U370A-R002U478A-142.png","1","2"
"302","R002U370A,R002U478A","Q25.JS.073","143","Lower mold insert","35x35x15","Cr12MoV","1","spare-part-images/302-R002U370A-R002U478A-143.png","1","2"
"303","R002U370A,R002U478A","Q25.JS.073","144","Lower mold insert","Ø11x30.90","Cr12MoV","1","spare-part-images/303-R002U370A-R002U478A-144.png","1","2"
"304","R002U370A,R002U478A","Q25.JS.073","145","Lower mold insert","16x36x30","Cr12MoV","1","spare-part-images/304-R002U370A-R002U478A-145.png","1","2"
"305","R002U370A,R002U478A","Q25.JS.073","146","Lower mold insert","40x18x30","Cr12MoV","1","spare-part-images/305-R002U370A-R002U478A-146.png","1","2"
"306","R002U370A,R002U478A","Q25.JS.073","147","Lower mold insert","37x20x30","Cr12MoV","1","spare-part-images/306-R002U370A-R002U478A-147.png","1","2"
"307","R002U370A,R002U478A","Q25.JS.073","148","Lower mold insert","24.17x41.50x30","Cr12MoV","1","spare-part-images/307-R002U370A-R002U478A-148.png","1","2"
"308","R002U370A,R002U478A","Q25.JS.073","149","Forming punch","10.87x8.47x28.05","Cr12MoV","1","spare-part-images/308-R002U370A-R002U478A-149.png","1","2"
"309","R002U370A,R002U478A","Q25.JS.073","150","Lower mold insert","65x29x30","Cr12MoV","1","spare-part-images/309-R002U370A-R002U478A-150.png","1","2"
"310","R002U370A,R002U478A","Q25.JS.073","151","Lower mold insert","65x29x30","Cr12MoV","1","spare-part-images/310-R002U370A-R002U478A-151.png","1","2"
"311","R002U370A,R002U478A","Q25.JS.073","152","Lower mold insert","61x24x30","Cr12MoV","1","spare-part-images/311-R002U370A-R002U478A-152.png","1","2"
"312","R002U370A,R002U478A","Q25.JS.073","153","Lower mold insert","61x24x30","Cr12MoV","1","spare-part-images/312-R002U370A-R002U478A-153.png","1","2"
"313","R002U370A,R002U478A","Q25.JS.073","154","Lower mold insert","61x27x30","Cr12MoV","1","spare-part-images/313-R002U370A-R002U478A-154.png","1","2"
"314","R002U370A,R002U478A","Q25.JS.073","155","Lower mold insert","79x65x30","Cr12MoV","1","spare-part-images/314-R002U370A-R002U478A-155.png","1","2"
"315","R002U370A,R002U478A","Q25.JS.073","156","Lower mold insert","88x60x30","Cr12MoV","1","spare-part-images/315-R002U370A-R002U478A-156.png","1","2"
"316","R002U370A,R002U478A","Q25.JS.073","157","Lower mold insert","88x137x30","Cr12MoV","1","spare-part-images/316-R002U370A-R002U478A-157.png","1","2"
"317","R002U370A,R002U478A","Q25.JS.073","158","Lower mold insert","68x137x30","Cr12MoV","1","spare-part-images/317-R002U370A-R002U478A-158.png","1","2"
"318","R002U370A,R002U478A","Q25.JS.073","159","Lower mold insert","61x20x30","Cr12MoV","1","spare-part-images/318-R002U370A-R002U478A-159.png","1","2"
"319","R002U370A,R002U478A","Q25.JS.073","160","Lower mold insert","79x77x30","Cr12MoV","1","spare-part-images/319-R002U370A-R002U478A-160.png","1","2"
"320","R002U370A,R002U478A","Q25.JS.073","161","Lower mold insert","59x44x30","Cr12MoV","1","spare-part-images/320-R002U370A-R002U478A-161.png","1","2"
"321","R002U370A,R002U478A","Q25.JS.073","162","Lower mold insert","59x41x30","Cr12MoV","1","spare-part-images/321-R002U370A-R002U478A-162.png","1","2"
"322","R002U370A,R002U478A","Q25.JS.073","163","Lower mold insert","31x36x30","Cr12MoV","1","spare-part-images/322-R002U370A-R002U478A-163.png","1","2"
"323","R002U370A,R002U478A","Q25.JS.073","164","Lower mold insert","70.50x39.50x40","Cr12MoV","1","spare-part-images/323-R002U370A-R002U478A-164.png","1","2"
"324","R002U370A,R002U478A","Q25.JS.073","165","Lower mold insert","68.50x29.70x40.50","Cr12MoV","1","spare-part-images/324-R002U370A-R002U478A-165.png","1","2"
"325","R002U370A,R002U478A","Q25.JS.073","166","Lower mold insert","85x14x36.80","Cr12MoV","1","spare-part-images/325-R002U370A-R002U478A-166.png","1","2"
"326","R002U370A,R002U478A","Q25.JS.073","167","Lower mold insert","14x36x29.80","Cr12MoV","1","spare-part-images/326-R002U370A-R002U478A-167.png","1","2"
"327","R002U370A,R002U478A","Q25.JS.073","168","Stop height column","Ø20x31.80","45#","22","spare-part-images/327-R002U370A-R002U478A-168.png","1","2"
"328","R002U370A,R002U478A","Q25.JS.073","169","Lower mold insert","73x100x20","Cr12MoV","1","spare-part-images/328-R002U370A-R002U478A-169.png","1","2"
"329","R002U370A,R002U478A","Q25.JS.073","170","Lower mold insert","75x90x15","Cr12MoV","1","spare-part-images/329-R002U370A-R002U478A-170.png","1","2"
"330","R002U370A,R002U478A","Q25.JS.073","171","Lower mold insert","28.50x15.50x30","Cr12MoV","1","spare-part-images/330-R002U370A-R002U478A-171.png","1","2"
"331","R002U370A,R002U478A","Q25.JS.073","172","Lower block","72.40x99.40x10","Cr12","1","spare-part-images/331-R002U370A-R002U478A-172.png","1","2"
"332","R002U370A,R002U478A","Q25.JS.073","173","Lower block","74.40x89.40x15","Cr12","1","spare-part-images/332-R002U370A-R002U478A-173.png","1","2"
"333","R002U370A,R002U478A","Q25.JS.073","174","Lower mold insert","14x36x30","Cr12MoV","1","spare-part-images/333-R002U370A-R002U478A-174.png","1","2"
"334","R002U370A,R002U478A","Q25.JS.073","175","Lower mold insert","14x83x36.80","Cr12MoV","1","spare-part-images/334-R002U370A-R002U478A-175.png","1","2"
"335","R002U370A,R002U478A","Q25.JS.073","176","Lower mold insert","17x54x30","Cr12MoV","1","spare-part-images/335-R002U370A-R002U478A-176.png","1","2"
"336","R002U370A,R002U478A","Q25.JS.073","177","Lower mold insert","17x54x30","Cr12MoV","1","spare-part-images/336-R002U370A-R002U478A-177.png","1","2"
"337","R002U370A,R002U478A","Q25.JS.073","178","Lower block","21x155x38.80","Cr12MoV","1","spare-part-images/337-R002U370A-R002U478A-178.png","1","2"
"338","R002U370A,R002U478A","Q25.JS.073","179","Lower mold insert","22x155x38.80","Cr12MoV","1","spare-part-images/338-R002U370A-R002U478A-179.png","1","2"
"339","R002U370A,R002U478A","Q25.JS.073","180","Lower mold insert","20x57.50x30","Cr12MoV","1","spare-part-images/339-R002U370A-R002U478A-180.png","1","2"
"340","R002U370A,R002U478A","Q25.JS.073","181","Lower mold insert","19x30.50x30","Cr12MoV","1","spare-part-images/340-R002U370A-R002U478A-181.png","1","2"
"341","R002U370A,R002U478A","Q25.JS.073","182","Lower mold insert","29.50x26x30","Cr12MoV","1","spare-part-images/341-R002U370A-R002U478A-182.png","1","2"
"342","R002U370A,R002U478A","Q25.JS.073","183","Forming punch","36.50x15.50x30","Cr12MoV","1","spare-part-images/342-R002U370A-R002U478A-183.png","1","2"
"343","R002U370A,R002U478A","Q25.JS.073","184","Lower mold insert","28x39x30","Cr12MoV","1","spare-part-images/343-R002U370A-R002U478A-184.png","1","2"
"344","R002U370A,R002U478A","Q25.JS.073","185","Lower mold insert","26.50x16x30","Cr12MoV","1","spare-part-images/344-R002U370A-R002U478A-185.png","1","2"
"345","R002U370A,R002U478A","Q25.JS.073","186","Lower mold insert","36.50x20x30","Cr12MoV","1","spare-part-images/345-R002U370A-R002U478A-186.png","1","2"
"346","R002U370A,R002U478A","Q25.JS.073","187","Lower mold insert","16x29.50x30","Cr12MoV","1","spare-part-images/346-R002U370A-R002U478A-187.png","1","2"
"347","R002U370A,R002U478A","Q25.JS.073","188","Lower mold insert","14x84x36.80","Cr12MoV","1","spare-part-images/347-R002U370A-R002U478A-188.png","1","2"
"348","R002U370A,R002U478A","Q25.JS.073","189","Lower mold insert","14x36x30","Cr12MoV","1","spare-part-images/348-R002U370A-R002U478A-189.png","1","2"
"349","R002U370A,R002U478A","Q25.JS.073","190","Lower mold insert","62x47x30","Cr12MoV","1","spare-part-images/349-R002U370A-R002U478A-190.png","1","2"
"350","R002U370A,R002U478A","Q25.JS.073","191","Lower mold insert","56x41x30","Cr12MoV","1","spare-part-images/350-R002U370A-R002U478A-191.png","1","2"
"351","R002U370A,R002U478A","Q25.JS.073","192","Lower mold insert","14x82x36.80","Cr12MoV","1","spare-part-images/351-R002U370A-R002U478A-192.png","1","2"
"352","R002U370A,R002U478A","Q25.JS.073","193","Lower mold insert","65x68x31.80","Cr12MoV","1","spare-part-images/352-R002U370A-R002U478A-193.png","1","2"
"353","R002U370A,R002U478A","Q25.JS.073","194","Lower mold insert","65x68x31.80","Cr12MoV","1","spare-part-images/353-R002U370A-R002U478A-194.png","1","2"
"354","R002U370A,R002U478A","Q25.JS.073","195","Lower mold insert","80x90x31.80","Cr12MoV","1","spare-part-images/354-R002U370A-R002U478A-195.png","1","2"
"355","R002U370A,R002U478A","Q25.JS.073","196","Lower mold insert","80x90x31.80","Cr12MoV","1","spare-part-images/355-R002U370A-R002U478A-196.png","1","2"
"356","R002U370A,R002U478A","Q25.JS.073","197","Lower mold insert","90x53x60","Cr12MoV","1","spare-part-images/356-R002U370A-R002U478A-197.png","1","2"
"357","R002U370A,R002U478A","Q25.JS.073","198","Lower mold insert","27.07x90x60","Cr12MoV","1","spare-part-images/357-R002U370A-R002U478A-198.png","1","2"
"358","R002U370A,R002U478A","Q25.JS.073","199","Lower mold insert","27.07x90x60","Cr12MoV","1","spare-part-images/358-R002U370A-R002U478A-199.png","1","2"
"359","R002U370A,R002U478A","Q25.JS.073","200","Lower mold insert","27.07x100x60","Cr12MoV","1","spare-part-images/359-R002U370A-R002U478A-200.png","1","2"
"360","R002U370A,R002U478A","Q25.JS.073","201","Lower mold insert","27.07x100x60","Cr12MoV","1","spare-part-images/360-R002U370A-R002U478A-201.png","1","2"
"361","R002U370A,R002U478A","Q25.JS.073","202","Lower mold insert","85x90x40","Cr12MoV","1","spare-part-images/361-R002U370A-R002U478A-202.png","1","2"
"362","R002U370A,R002U478A","Q25.JS.073","203","Lower mold insert","85x101x40","Cr12MoV","1","spare-part-images/362-R002U370A-R002U478A-203.png","1","2"
"363","R002U370A,R002U478A","Q25.JS.073","204","Lower mold insert","34x15x5","45#","2","spare-part-images/363-R002U370A-R002U478A-204.png","1","2"
"364","R002U370A,R002U478A","Q25.JS.073","205","Lower mold insert","17x61x60","Cr12MoV","1","spare-part-images/364-R002U370A-R002U478A-205.png","1","2"
"365","R002U370A,R002U478A","Q25.JS.073","206","Lower mold insert","55x102x19","Cr12MoV","1","spare-part-images/365-R002U370A-R002U478A-206.png","1","2"
"366","R002U370A,R002U478A","Q25.JS.073","207","Lower mold insert","55x88.50x20.26","Cr12MoV","1","spare-part-images/366-R002U370A-R002U478A-207.png","1","2"
"367","R002U370A,R002U478A","Q25.JS.073","208","Lower mold insert","80x116x55.20","Cr12MoV","1","spare-part-images/367-R002U370A-R002U478A-208.png","1","2"
"368","R002U370A,R002U478A","Q25.JS.073","209","Lower mold insert","80x90x55.20","Cr12MoV","1","spare-part-images/368-R002U370A-R002U478A-209.png","1","2"
"369","R002U370A,R002U478A","Q25.JS.073","210","Lower block","96.50x73102.20","Cr12MoV","1","spare-part-images/369-R002U370A-R002U478A-210.png","1","2"
"370","R002U370A,R002U478A","Q25.JS.073","211","Lower mold insert","95.80x90x102","Cr12MoV","1","spare-part-images/370-R002U370A-R002U478A-211.png","1","2"
"371","R002U370A,R002U478A","Q25.JS.073","212","Lower mold insert","39x28x80.20","Cr12MoV","1","spare-part-images/371-R002U370A-R002U478A-212.png","1","2"
"372","R002U370A,R002U478A","Q25.JS.073","213","Lower block","42.50x44x10","Cr12","1","spare-part-images/372-R002U370A-R002U478A-213.png","1","2"
"373","R002U370A,R002U478A","Q25.JS.073","214","Lower block","42.50x44x10","Cr12","1","spare-part-images/373-R002U370A-R002U478A-214.png","1","2"
"374","R002U370A,R002U478A","Q25.JS.073","215","Lower mold insert","39x28x80.20","Cr12MoV","1","spare-part-images/374-R002U370A-R002U478A-215.png","1","2"
"375","R002U370A,R002U478A","Q25.JS.073","216","Lower block","64x144x40","Cr12","1","spare-part-images/375-R002U370A-R002U478A-216.png","1","2"
"376","R002U370A,R002U478A","Q25.JS.073","217","Lower block","64x144x35","Cr12","1","spare-part-images/376-R002U370A-R002U478A-217.png","1","2"
"377","R002U370A,R002U478A","Q25.JS.073","218","Lower block","65x68x45","45#","1","spare-part-images/377-R002U370A-R002U478A-218.png","1","2"
"378","R002U370A,R002U478A","Q25.JS.073","219","Lower block","65x68x45","45#","1","spare-part-images/378-R002U370A-R002U478A-219.png","1","2"
"379","R002U370A,R002U478A","Q25.JS.073","220","Lower block","80x90x45","45#","1","spare-part-images/379-R002U370A-R002U478A-220.png","1","2"
"380","R002U370A,R002U478A","Q25.JS.073","221","Lower block","80x90x45","45#","1","spare-part-images/380-R002U370A-R002U478A-221.png","1","2"
"381","R002U370A,R002U478A","Q25.JS.073","222","Lower mold insert","20x75x48","Cr12MoV","1","spare-part-images/381-R002U370A-R002U478A-222.png","1","2"
"382","R002U370A,R002U478A","Q25.JS.073","223","Lower mold insert","20x6x49","Cr12MoV","1","spare-part-images/382-R002U370A-R002U478A-223.png","1","2"
"383","R002U370A,R002U478A","Q25.JS.073","224","Lower mold insert","63.50x90x111.80","Cr12MoV","1","spare-part-images/383-R002U370A-R002U478A-224.png","1","2"
"384","R002U370A,R002U478A","Q25.JS.073","225","Lower mold insert","61.50x90x111.80","Cr12MoV","1","spare-part-images/384-R002U370A-R002U478A-225.png","1","2"
"385","R002U370A,R002U478A","Q25.JS.073","226","Lower mold insert","9x6x31.20","Cr12MoV","1","spare-part-images/385-R002U370A-R002U478A-226.png","1","2"
"386","R002U370A,R002U478A","Q25.JS.073","227","Lower mold insert","8x31.20","Cr12MoV","1","spare-part-images/386-R002U370A-R002U478A-227.png","1","2"
"387","R002U370A,R002U478A","Q25.JS.073","228","Lower mold insert","9x31.20","Cr12MoV","1","spare-part-images/387-R002U370A-R002U478A-228.png","1","2"
"388","R002U370A,R002U478A","Q25.JS.073","229","Lower mold insert","30x29.50x26","Cr12MoV","1","spare-part-images/388-R002U370A-R002U478A-229.png","1","2"
"389","R002U370A,R002U478A","Q25.JS.073","230","Lower mold insert","5.30x30.95","Cr12MoV","1","spare-part-images/389-R002U370A-R002U478A-230.png","1","2"
"390","R002U370A,R002U478A","Q25.JS.073","231","Lower mold insert","15x80x34.30","Cr12MoV","1","spare-part-images/390-R002U370A-R002U478A-231.png","1","2"
"391","R002U370A,R002U478A","Q25.JS.073","232","Lower mold insert","20x106x30","Cr12MoV","1","spare-part-images/391-R002U370A-R002U478A-232.png","1","2"
"392","R002U370A,R002U478A","Q25.JS.073","233","Lower mold insert","15x106x30","Cr12MoV","1","spare-part-images/392-R002U370A-R002U478A-233.png","1","2"
"393","R002U370A,R002U478A","Q25.JS.073","234","Lower mold insert","15x106x30","Cr12MoV","1","spare-part-images/393-R002U370A-R002U478A-234.png","1","2"
"394","R002U370A,R002U478A","Q25.JS.073","235","Lower mold insert","15x106x30","Cr12MoV","1","spare-part-images/394-R002U370A-R002U478A-235.png","1","2"
"395","R002U370A,R002U478A","Q25.JS.073","236","Lower mold insert","15x106x30","Cr12MoV","1","spare-part-images/395-R002U370A-R002U478A-236.png","1","2"
"396","R002U370A,R002U478A","Q25.JS.073","237","Lower mold insert","15x95x30","Cr12MoV","1","spare-part-images/396-R002U370A-R002U478A-237.png","1","2"
"397","R002U370A,R002U478A","Q25.JS.073","238","Lower mold insert","15x95x30","Cr12MoV","1","spare-part-images/397-R002U370A-R002U478A-238.png","1","2"
"398","R002U370A,R002U478A","Q25.JS.073","239","Lower mold insert","15x95x30","Cr12MoV","1","spare-part-images/398-R002U370A-R002U478A-239.png","1","2"
"399","R002U370A,R002U478A","Q25.JS.073","240","Lower mold insert","15x95x30","Cr12MoV","1","spare-part-images/399-R002U370A-R002U478A-240.png","1","2"
"400","R002U370A,R002U478A","Q25.JS.073","241","Lower mold insert","20x95x30","Cr12MoV","1","spare-part-images/400-R002U370A-R002U478A-241.png","1","2"
"401","R002U370A,R002U478A","Q25.JS.073","247","Lower mold insert","14x36x29.80","Cr12MoV","1","spare-part-images/401-R002U370A-R002U478A-247.png","1","2"
"402","R002U370A,R002U478A","Q25.JS.073","251","Forming punch","Ø16x21","Cr12MoV","1","spare-part-images/402-R002U370A-R002U478A-251.png","1","2"
"403","R002U370A,R002U478A","Q25.JS.073","259","Forming punch","Ø14x80","Cr12MoV","1","spare-part-images/403-R002U370A-R002U478A-259.png","1","2"
"404","R002U370A,R002U478A","Q25.JS.073","261","Lower mold insert","Ø7x38.50","Cr12MoV","2","spare-part-images/404-R002U370A-R002U478A-261.png","1","2"
"405","48187097","D21TL61","14","Punching punch","9x11x60","SKH51","1","spare-part-images/405-48187097-14.png","1","2"
"406","48187097","D21TL61","15","Punching punch","8.32x15x60","SKH51","1","spare-part-images/406-48187097-15.png","1","2"
"407","48187097","D21TL61","16","Punching punch","9x11x60","SKH51","1","spare-part-images/407-48187097-16.png","1","2"
"408","48187097","D21TL61","17","Punching punch","8.32x15x60","SKH51","1","spare-part-images/408-48187097-17.png","1","2"
"409","48187097","D21TL61","18","Punching punch","5.56x14.88x60","SKH51","1","spare-part-images/409-48187097-18.png","1","2"
"410","48187097","D21TL61","19","Punching punch","5.56x14.88x60","SKH51","1","spare-part-images/410-48187097-19.png","1","2"
"411","48187097","D21TL61","20","Punching punch","11.04x12.31x60","SKH51","1","spare-part-images/411-48187097-20.png","1","2"
"412","48187097","D21TL61","21","Punching punch","11.04x12.31x60","SKH51","1","spare-part-images/412-48187097-21.png","1","2"
"413","48187097","D21TL61","21","Punching punch","9.55x13.51x60","SKH51","1","spare-part-images/413-48187097-21.png","1","2"
"414","48187097","D21TL61","23","Lower mold insert","12x12x20","SKH51","3","spare-part-images/414-48187097-23.png","1","2"
"415","48187097","D21TL61","24","Lower mold insert","17x26.6x20","SKH51","1","spare-part-images/415-48187097-24.png","1","2"
"416","48187097","D21TL61","25","Lower mold insert","24x12x20","SKH51","1","spare-part-images/416-48187097-25.png","1","2"
"417","48187097","D21TL61","26","Lower mold insert","25x12x20","SKH51","1","spare-part-images/417-48187097-26.png","1","2"
"418","48187097","D21TL61","27","Lower mold insert","26x16x20","SKH51","1","spare-part-images/418-48187097-27.png","1","2"
"419","48187097","D21TL61","28","Lower mold insert","22x18x20","SKH51","1","spare-part-images/419-48187097-28.png","1","2"
"420","48187097","D21TL61","29","Lower mold insert","21x18x20","SKH51","1","spare-part-images/420-48187097-29.png","1","2"
"421","48187097","D21TL61","30","Lower mold insert","21x41x20","SKH51","1","spare-part-images/421-48187097-30.png","1","2"
"422","48187097","D21TL61","31","Lower mold insert","21.50x15x20","SKH51","1","spare-part-images/422-48187097-31.png","1","2"
"423","48187097","D21TL61","32","Lower mold insert","10x9.50x25","Cr12MoV","3","spare-part-images/423-48187097-32.png","1","2"
"424","48187097","D21TL61","36","Upper clamping block","21x44x15","Cr12MoV","1","spare-part-images/424-48187097-36.png","1","2"
"425","48187097","D21TL61","46","Lower mold insert","11.90x11.90x5","Cr12MoV","3","spare-part-images/425-48187097-46.png","1","2"
"426","48187097","D21TL61","47","Lower mold insert","16.90x25.90x5","Cr12MoV","1","spare-part-images/426-48187097-47.png","1","2"
"427","48187097","D21TL61","48","Lower mold insert","11.90x23.90x5","Cr12MoV","1","spare-part-images/427-48187097-48.png","1","2"
"428","48187097","D21TL61","49","Lower mold insert","11.90x24.90x5","Cr12MoV","1","spare-part-images/428-48187097-49.png","1","2"
"429","48187097","D21TL61","50","Lower mold insert","15.90x25.90x5","Cr12MoV","1","spare-part-images/429-48187097-50.png","1","2"
"430","48187097","D21TL61","51","Lower mold insert","17.90x21.90x5","Cr12MoV","1","spare-part-images/430-48187097-51.png","1","2"
"431","48187097","D21TL61","52","Lower mold insert","17.90x20.90x5","Cr12MoV","1","spare-part-images/431-48187097-52.png","1","2"
"432","48187097","D21TL61","53","Lower mold insert","40.90x20.90x5","Cr12MoV","1","spare-part-images/432-48187097-53.png","1","2"
"433","48187097","D21TL61","54","Lower mold insert","21.40x14.90","Cr12MoV","3","spare-part-images/433-48187097-54.png","1","2"
"434","1186500","Q24JS052","25","Upper block","Ø8x43","Cr12MoV","2","spare-part-images/434-1186500-25.png","1","2"
"435","1186500","Q24JS052","26","Upper block","Ø10x110","Cr12MoV","1","spare-part-images/435-1186500-26.png","1","2"
"436","1186500","Q24JS052","27","Punching punch","31x40x85","Cr12MoV","1","spare-part-images/436-1186500-27.png","1","2"
"437","1186500","Q24JS052","28","Punching punch","31x30x85","Cr12MoV","1","spare-part-images/437-1186500-28.png","1","2"
"438","1186500","Q24JS052","29","Punching punch","35x20x74","Cr12MoV","1","spare-part-images/438-1186500-29.png","1","2"
"439","1186500","Q24JS052","30","Upper block","21x34x69.50","Cr12MoV","1","spare-part-images/439-1186500-30.png","1","2"
"440","1186500","Q24JS052","31","Upper block","20x27x31.53","Cr12MoV","1","spare-part-images/440-1186500-31.png","1","2"
"441","1186500","Q24JS052","32","Upper block","23x26.70x31.53","Cr12MoV","1","spare-part-images/441-1186500-32.png","1","2"
"442","1186500","Q24JS052","33","Lower mold insert","23x32x115","Cr12MoV","1","spare-part-images/442-1186500-33.png","1","2"
"443","1186500","Q24JS052","34","Lower mold insert","22.60x31.60x15","Cr12MoV","1","spare-part-images/443-1186500-34.png","1","2"
"444","1186500","Q24JS052","35","Lower mold insert","20x24x40","Cr12MoV","1","spare-part-images/444-1186500-35.png","1","2"
"445","1186500","Q24JS052","36","Lower mold insert","16x16.50x38","Cr12MoV","1","spare-part-images/445-1186500-36.png","1","2"
"446","1186500","Q24JS052","37","Lower mold insert","15x23x55","Cr12MoV","1","spare-part-images/446-1186500-37.png","1","2"
"447","1186500","Q24JS052","41","Lower mold insert","29x16x30","Cr12MoV","2","spare-part-images/447-1186500-41.png","1","2"
"448","1186500","Q24JS052","42","Lower mold insert","63x50x30","Cr12MoV","1","spare-part-images/448-1186500-42.png","1","2"
"449","1186500","Q24JS052","43","Lower mold insert","15x30x28.47","Cr12MoV","1","spare-part-images/449-1186500-43.png","1","2"
"450","1186500","Q24JS052","44","Lower mold insert","22x28x30","Cr12MoV","1","spare-part-images/450-1186500-44.png","1","2"
"451","1186500","Q24JS052","45","Lower mold insert","35x22x30","Cr12MoV","1","spare-part-images/451-1186500-45.png","1","2"
"452","1186500","Q24JS052","46","Lower mold insert","52x48x30","Cr12MoV","1","spare-part-images/452-1186500-46.png","1","2"
"453","5036775-AA","Q25JS051","12","Punch","21.90x110x66","Cr12MoV","2","spare-part-images/453-5036775-AA-12.png","1","2"
"454","5036775-AA","Q25JS051","13","Punch","35.70x129x66","Cr12MoV","1","spare-part-images/454-5036775-AA-13.png","1","2"
"455","5036775-AA","Q25JS051","14","Punch","80.60x87.60x74.80","Cr12MoV","1","spare-part-images/455-5036775-AA-14.png","1","2"
"456","5036775-AA","Q25JS051","15","Probe rod","Ø12x116.20","Cr12MoV","1","spare-part-images/456-5036775-AA-15.png","1","2"
"457","5036775-AA","Q25JS051","16","Punch","80.60x87.60x73.80","Cr12MoV","1","spare-part-images/457-5036775-AA-16.png","1","2"
"458","5036775-AA","Q25JS051","17","Punch","Ø75x79.80","Cr12MoV","1","spare-part-images/458-5036775-AA-17.png","1","2"
"459","5036775-AA","Q25JS051","18","Punch","11.42x10.44x78.50","Cr12MoV","1","spare-part-images/459-5036775-AA-18.png","1","2"
"460","5036775-AA","Q25JS051","19","Punch","10x11.30x89.30","Cr12MoV","1","spare-part-images/460-5036775-AA-19.png","1","2"
"461","5036775-AA","Q25JS051","20","Punch","96.49x103.49x61.20","Cr12MoV","1","spare-part-images/461-5036775-AA-20.png","1","2"
"462","5036775-AA","Q25JS051","21","Punch","84.60x80.60x87","Cr12MoV","1","spare-part-images/462-5036775-AA-21.png","1","2"
"463","5036775-AA","Q25JS051","22","Punch","41x45x10","Cr12MoV","2","spare-part-images/463-5036775-AA-22.png","1","2"
"464","5036775-AA","Q25JS051","28","Guided Sales","Ø11x38","Cr12MoV","2","spare-part-images/464-5036775-AA-28.png","1","2"
"465","5036775-AA","Q25JS051","42","Insert template","46x146x25","Cr12MoV","1","spare-part-images/465-5036775-AA-42.png","1","2"
"466","5036775-AA","Q25JS051","43","Insert template","45x145x25","Cr12MoV","1","spare-part-images/466-5036775-AA-43.png","1","2"
"467","5036775-AA","Q25JS051","45","Insert template","56x150x25","Cr12MoV","1","spare-part-images/467-5036775-AA-45.png","1","2"
"468","5036775-AA","Q25JS051","46","Die","146x150x35","Cr12MoV","1","spare-part-images/468-5036775-AA-46.png","1","2"
"469","5036775-AA","Q25JS051","47","Die","146x150x35","Cr12MoV","1","spare-part-images/469-5036775-AA-47.png","1","2"
"470","5036775-AA","Q25JS051","48","Position","24.95x15x39.20","Cr12MoV","4","spare-part-images/470-5036775-AA-48.png","1","2"
"471","5036775-AA","Q25JS051","49","Insert template","95x94x31.20","Cr12MoV","1","spare-part-images/471-5036775-AA-49.png","1","2"
"472","5036775-AA","Q25JS051","50","Position","25x15x39.20","Cr12MoV","4","spare-part-images/472-5036775-AA-50.png","1","2"
"473","5036775-AA","Q25JS051","51","Insert template","20x20x15","Cr12MoV","1","spare-part-images/473-5036775-AA-51.png","1","2"
"474","5036775-AA","Q25JS051","52","Pad Block","19x19x16.20","Cr12MoV","1","spare-part-images/474-5036775-AA-52.png","1","2"
"475","5036775-AA","Q25JS051","55","Insert template","40.50x30x31.20","Cr12MoV","1","spare-part-images/475-5036775-AA-55.png","1","2"
"476","5036775-AA","Q25JS051","56","Font","18x30x31.50","Cr12MoV","1","spare-part-images/476-5036775-AA-56.png","1","2"
"477","5036775-AA","Q25JS051","57","Font","8.52x11.44x36.20","Cr12MoV","1","spare-part-images/477-5036775-AA-57.png","1","2"
"478","5036775-AA","Q25JS051","58","Insert template","34x22x31.20","Cr12MoV","3","spare-part-images/478-5036775-AA-58.png","1","2"
"479","5036775-AA","Q25JS051","59","Insert template","34x23.50x31.20","Cr12MoV","1","spare-part-images/479-5036775-AA-59.png","1","2"
"480","5036775-AA","Q25JS051","61","Punch","Ø8x33.40","Cr12MoV","4","spare-part-images/480-5036775-AA-61.png","1","2"
"481","5036775-AA","Q25JS051","62","Insert template","125x124x35","Cr12MoV","1","spare-part-images/481-5036775-AA-62.png","1","2"
"482","5036775-AA","Q25JS051","63","Insert template","13.50x6.90x34.81","Cr12MoV","2","spare-part-images/482-5036775-AA-63.png","1","2"
"483","5036775-AA","Q25JS051","64","Insert template","13.50x6.90x34.81","Cr12MoV","2","spare-part-images/483-5036775-AA-64.png","1","2"
"484","5036775-AA","Q25JS051","65","Insert template","5x9.62x34.70","Cr12MoV","2","spare-part-images/484-5036775-AA-65.png","1","2"
"485","5036775-AA","Q25JS051","68","Die","162x150x35","Cr12MoV","1","spare-part-images/485-5036775-AA-68.png","1","2"
"486","5036775-AA","Q25JS051","71","Insert template","45x20x15","Cr12MoV","2","spare-part-images/486-5036775-AA-71.png","1","2"
"487","SB-059-2","23-TERO017-1","237","Pilot","Ø16x63","Cr12MoV","2","spare-part-images/487-SB-059-2-237.png","1","2"
"488","SB-059-2","23-TERO017-1","206","Punch","83x40x94","Cr12MoV","1","spare-part-images/488-SB-059-2-206.png","1","2"
"489","SB-059-2","23-TERO017-1","210","Punch","83x210x80","Cr12MoV","2","spare-part-images/489-SB-059-2-210.png","1","2"
"490","SB-059-2","23-TERO017-1","238","Punch","90x36x90","Cr12MoV","2","spare-part-images/490-SB-059-2-238.png","1","2"
"491","SB-059-2","23-TERO017-1","162","Die","35x160x110","Cr12MoV","1","spare-part-images/491-SB-059-2-162.png","1","2"
"492","SB-059-2","23-TERO017-1","164","Die","35x160x136","Cr12MoV","1","spare-part-images/492-SB-059-2-164.png","1","2"
"493","SB-059-2","23-TERO017-1","165","Die","35x160x110","Cr12MoV","1","spare-part-images/493-SB-059-2-165.png","1","2"
"494","SB-059-2","23-TERO017-1","110","Die","35x280x179","Cr12MoV","1","spare-part-images/494-SB-059-2-110.png","1","2"
"495","SB-059-2","23-TERO017-1","111","Die","35x280x179","Cr12MoV","1","spare-part-images/495-SB-059-2-111.png","1","2"
"496","SB-059-2","23-TERO017-1","215","Punch","Ø128.40x128.90","Cr12MoV","1","spare-part-images/496-SB-059-2-215.png","1","2"
"497","SB-059-2","23-TERO017-1","114","Die","Ø238x75","Cr12MoV","1","spare-part-images/497-SB-059-2-114.png","1","2"
"498","SB-059-2","23-TERO017-1","220","Punch","Ø127.80x127.50","Cr12MoV","1","spare-part-images/498-SB-059-2-220.png","1","2"
"499","SB-059-2","23-TERO017-1","221","Punch","Ø107.80x130.50","Cr12MoV","1","spare-part-images/499-SB-059-2-221.png","1","2"
"500","SB-059-2","23-TERO017-1","128","Die","Ø208x75","Cr12MoV","1","spare-part-images/500-SB-059-2-128.png","1","2"
"501","SB-059-2","23-TERO017-1","224","Punch","Ø99.20x135.40","Cr12MoV","1","spare-part-images/501-SB-059-2-224.png","1","2"
"502","SB-059-2","23-TERO017-1","135","Die","Ø198x75","Cr12MoV","1","spare-part-images/502-SB-059-2-135.png","1","2"
"503","SB-059-2","23-TERO017-1","226","Punch","Ø99.20x134.80","D2","1","spare-part-images/503-SB-059-2-226.png","1","2"
"504","SB-059-2","23-TERO017-1","145","Die","Ø203x75","D2","1","spare-part-images/504-SB-059-2-145.png","1","2"
"505","SB-059-2","23-TERO017-1","230","Pilot","Ø99.1x117","Cr12MoV","1","spare-part-images/505-SB-059-2-230.png","1","2"
"506","SB-059-2","23-TERO017-1","231","Punch","25x74x85","Cr12MoV","1","spare-part-images/506-SB-059-2-231.png","1","2"
"507","SB-059-2","23-TERO017-1","152","Pilot","Ø160x60","Cr12MoV","1","spare-part-images/507-SB-059-2-152.png","1","2"
"508","SB-059-2","23-TERO017-1","153","Pilot","28.20x110x110","Cr12MoV","1","spare-part-images/508-SB-059-2-153.png","1","2"
"509","SB-059-2","23-TERO017-1","234","Punch","81x146x146","Cr12MoV","1","spare-part-images/509-SB-059-2-234.png","1","2"
"510","SB-059-2","23-TERO017-1","235","Pilot","82x74x85","Cr12MoV","1","spare-part-images/510-SB-059-2-235.png","1","2"
"511","SB-059-2","23-TERO017-2","228","Punch","16.80x82x90","Cr12MoV","1","spare-part-images/511-SB-059-2-228.png","1","2"
"512","SB-059-2","23-TERO017-2","207","Die","Ø180x94.80","Cr12MoV","1","spare-part-images/512-SB-059-2-207.png","1","2"
"513","SB-059-2","23-TERO017-2","219","Punch","Ø116x92.60","Cr12MoV","1","spare-part-images/513-SB-059-2-219.png","1","2"
"514","SB-059-2","23-TERO017-2","220","Punch","Ø99.20x77","Cr12MoV","1","spare-part-images/514-SB-059-2-220.png","1","2"
"515","SB-059-2","23-TERO017-2","233","Punch","26.90x78x87","Cr12MoV","1","spare-part-images/515-SB-059-2-233.png","1","2"
"516","SB-059-2","23-TERO017-3","305","Die","Ø200x98","D2","1","spare-part-images/516-SB-059-2-305.png","1","2"
"517","SB-059-2","23-TERO017-3","320","Punch","Ø112.70x96.40","D2","1","spare-part-images/517-SB-059-2-320.png","1","2"
"518","SB-059-2","23-TERO017-3","318","Punch","Ø99.20x76.80","D2","1","spare-part-images/518-SB-059-2-318.png","1","2"
"519","SB-059-2","23-TERO017-3","335","Pilot","32x67x83","Cr12MoV","1","spare-part-images/519-SB-059-2-335.png","1","2"
"520","SB-059-2","23-TERO017-4","417","Punch holder","20x50x50","45#","2","spare-part-images/520-SB-059-2-417.png","1","2"
"521","SB-059-2","23-TERO017-4","418","Die","15x30x20","Cr12MoV","2","spare-part-images/521-SB-059-2-418.png","1","2"
"522","SB-059-2","23-TERO017-4","419","Block","Ø99.10x114.20","Cr12MoV","1","spare-part-images/522-SB-059-2-419.png","1","2"
"523","SB-059-2","23-TERO017-4","427","Block","38x90x80","Cr12MoV","1","spare-part-images/523-SB-059-2-427.png","1","2"
"524","5036755","Q25JS024","6","Punch","Ø16x57.75","Cr12MoV","4","spare-part-images/524-5036755-6.png","1","2"
"525","5036755","Q25JS024","8","Insert template","55x15x12.5","Cr12MoV","4","spare-part-images/525-5036755-8.png","1","2"
"526","5036755","Q25JS024","9","Insert template","55x22x15","Cr12MoV","2","spare-part-images/526-5036755-9.png","1","2"
"527","5036755","Q25JS024","10","Insert template","55x22x15","45#","2","spare-part-images/527-5036755-10.png","1","2"
"528","5036755","Q25JS024","12","Position","31x10x10","Cr12MoV","3","spare-part-images/528-5036755-12.png","1","2"
"529","5036755","Q25JS024","13","Position","31x10x10","Cr12MoV","3","spare-part-images/529-5036755-13.png","1","2"
"530","5027875-5027876","Q25JS053","39","Lower mold insert","38x202.60x28","45#","1","spare-part-images/530-5027875-5027876-39.png","1","2"
"531","5027875-5027876","Q25JS053","40","Punching punch","34.05x140x98","Cr12MoV","1","spare-part-images/531-5027875-5027876-40.png","1","2"
"532","5027875-5027876","Q25JS053","41","Lower mold insert","63x160x35","Cr12MoV","1","spare-part-images/532-5027875-5027876-41.png","1","2"
"533","5027875-5027876","Q25JS053","42","Punching punch","34.05x140x98","Cr12MoV","1","spare-part-images/533-5027875-5027876-42.png","1","2"
"534","5027875-5027876","Q25JS053","43","Lower mold insert","63x160x35","Cr12MoV","1","spare-part-images/534-5027875-5027876-43.png","1","2"
"535","5027875-5027876","Q25JS053","44","Lower mold insert","45x125x16","Cr12MoV","1","spare-part-images/535-5027875-5027876-44.png","1","2"
"536","5027875-5027876","Q25JS053","45","Lower mold insert","45x125x16","Cr12MoV","1","spare-part-images/536-5027875-5027876-45.png","1","2"
"537","5027875-5027876","Q25JS053","46","Forming punch","45.50x122.50x104.48","Cr12MoV","1","spare-part-images/537-5027875-5027876-46.png","1","2"
"538","5027875-5027876","Q25JS053","47","Lower mold insert","45.49x124.50x35","Cr12MoV","1","spare-part-images/538-5027875-5027876-47.png","1","2"
"539","5027875-5027876","Q25JS053","48","Forming punch","45.50x122.50x104.48","Cr12MoV","1","spare-part-images/539-5027875-5027876-48.png","1","2"
"540","5027875-5027876","Q25JS053","49","Lower mold insert","45.49x124.50x35","Cr12MoV","1","spare-part-images/540-5027875-5027876-49.png","1","2"
"541","5027875-5027876","Q25JS053","50","Upper clamping block","27.48x94.78x35.50","Cr12MoV","1","spare-part-images/541-5027875-5027876-50.png","1","2"
"542","5027875-5027876","Q25JS053","51","Lower mold insert","37.48x94.78x42.40","Cr12MoV","1","spare-part-images/542-5027875-5027876-51.png","1","2"
"543","5027875-5027876","Q25JS053","52","Lower mold insert","50.45x80x35","Cr12MoV","1","spare-part-images/543-5027875-5027876-52.png","1","2"
"544","5027875-5027876","Q25JS053","53","Upper clamping block","27.48x54.78x35.50","Cr12MoV","1","spare-part-images/544-5027875-5027876-53.png","1","2"
"545","5027875-5027876","Q25JS053","54","Lower mold insert","37.48x94.78x42.40","Cr12MoV","1","spare-part-images/545-5027875-5027876-54.png","1","2"
"546","5027875-5027876","Q25JS053","55","Upper clamping block","56x125x35.50","Cr12MoV","1","spare-part-images/546-5027875-5027876-55.png","1","2"
"547","5027875-5027876","Q25JS053","56","Lower mold insert","55x122.50x52.12","Cr12MoV","1","spare-part-images/547-5027875-5027876-56.png","1","2"
"548","5027875-5027876","Q25JS053","57","Upper clamping block","56x127x35.50","Cr12MoV","1","spare-part-images/548-5027875-5027876-57.png","1","2"
"549","5027875-5027876","Q25JS053","58","Lower mold insert","55x122.50x52.12","Cr12MoV","1","spare-part-images/549-5027875-5027876-58.png","1","2"
"550","5027875-5027876","Q25JS053","59","Lower mold insert","82.50x102.50x35","Cr12MoV","1","spare-part-images/550-5027875-5027876-59.png","1","2"
"551","5027875-5027876","Q25JS053","60","Punching punch","28.89x63.80x89","Cr12MoV","1","spare-part-images/551-5027875-5027876-60.png","1","2"
"552","5027875-5027876","Q25JS053","61","Punching punch","28.89x63.75x89","Cr12MoV","1","spare-part-images/552-5027875-5027876-61.png","1","2"
"553","5027875-5027876","Q25JS053","62","Punching punch","20.60x38.28x91","Cr12MoV","1","spare-part-images/553-5027875-5027876-62.png","1","2"
"554","5027875-5027876","Q25JS053","63","Lower mold insert","65x72x15.85","Cr12MoV","1","spare-part-images/554-5027875-5027876-63.png","1","2"
"555","5027875-5027876","Q25JS053","64","Lower mold insert","26.90x157x67.90","Cr12MoV","1","spare-part-images/555-5027875-5027876-64.png","1","2"
"556","5027875-5027876","Q25JS053","65","Lower mold insert","26.90x157x67.90","45#","1","spare-part-images/556-5027875-5027876-65.png","1","2"
"557","5027875-5027876","Q25JS053","67","Lower mold insert","86x182x35","45#","1","spare-part-images/557-5027875-5027876-67.png","1","2"
"558","5027875-5027876","Q25JS053","75","Upper block","Ø11x57","Cr12MoV","2","spare-part-images/558-5027875-5027876-75.png","1","2"
"559","5027875-5027876","Q25JS053","76","Upper block","Ø13x57","Cr12MoV","2","spare-part-images/559-5027875-5027876-76.png","1","2"
"560","5027875-5027876","Q25JS053","77","Lower mold insert","Ø20x48","45#","5","spare-part-images/560-5027875-5027876-77.png","1","2"
"561","5027875-5027876","Q25JS053","80","Lower mold insert","28x43x35","Cr12MoV","2","spare-part-images/561-5027875-5027876-80.png","1","2"
"562","5027875-5027876","Q25JS053","79","Lower mold insert","28x41x35","Cr12MoV","2","spare-part-images/562-5027875-5027876-79.png","1","2"
"563","5027875-5027876","Q25JS053","85","Punching punch","57x57.22x91","Cr12MoV","1","spare-part-images/563-5027875-5027876-85.png","1","2"
"564","5027875-5027876","Q25JS053","86","Lower mold insert","73x77x35","Cr12MoV","1","spare-part-images/564-5027875-5027876-86.png","1","2"
"565","5027875-5027876","Q25JS053","87","Lower mold insert","73x77x35","Cr12MoV","1","spare-part-images/565-5027875-5027876-87.png","1","2"
"566","5027875-5027876","Q25JS053","88","Punching punch","57.22x57x91","Cr12MoV","1","spare-part-images/566-5027875-5027876-88.png","1","2"
"567","5027875-5027876","Q25JS053","90","Upper clamping block","23x41.50x35.50","Cr12MoV","1","spare-part-images/567-5027875-5027876-90.png","1","2"
"568","5027875-5027876","Q25JS053","92","Upper clamping block","24x41.50x35.50","Cr12MoV","1","spare-part-images/568-5027875-5027876-92.png","1","2"
"569","5027875-5027876","Q25JS053","93","Upper block","Ø10x145.50","Cr12MoV","1","spare-part-images/569-5027875-5027876-93.png","1","2"
"570","5027875-5027876","Q25JS053","95","Lower mold insert","30x88.50x35","Cr12MoV","1","spare-part-images/570-5027875-5027876-95.png","1","2"
"571","5027875-5027876","Q25JS053","96","Lower mold insert","30x88.50x35","Cr12MoV","1","spare-part-images/571-5027875-5027876-96.png","1","2"
"572","5027875-5027876","Q25JS053","97","Upper clamping block","12.08x20.82x21.06","Cr12MoV","1","spare-part-images/572-5027875-5027876-97.png","1","2"
"573","5027875-5027876","Q25JS053","98","Lower mold insert","11.08x19.82x55.82","Cr12MoV","1","spare-part-images/573-5027875-5027876-98.png","1","2"
"574","5027875-5027876","Q25JS053","99","Upper clamping block","12.08x17.98x30.33","Cr12MoV","1","spare-part-images/574-5027875-5027876-99.png","1","2"
"575","5027875-5027876","Q25JS053","100","Lower mold insert","11.08x17.98x43.97","Cr12MoV","1","spare-part-images/575-5027875-5027876-100.png","1","2"
"576","5027875-5027876","Q25JS053","101","Upper clamping block","20.82x12.27x21.06","Cr12MoV","1","spare-part-images/576-5027875-5027876-101.png","1","2"
"577","5027875-5027876","Q25JS053","102","Lower mold insert","19.82x10.77x55.82","Cr12MoV","1","spare-part-images/577-5027875-5027876-102.png","1","2"
"578","5027875-5027876","Q25JS053","103","Upper clamping block","16.18x12.27x30.33","Cr12MoV","1","spare-part-images/578-5027875-5027876-103.png","1","2"
"579","5027875-5027876","Q25JS053","104","Lower mold insert","17.98x10.77x44.20","Cr12MoV","1","spare-part-images/579-5027875-5027876-104.png","1","2"
"580","5027875-5027876","Q25JS053","105","Upper clamping block","17.98x13.08x30.33","Cr12MoV","1","spare-part-images/580-5027875-5027876-105.png","1","2"
"581","5027875-5027876","Q25JS053","106","Lower mold insert","17.98x12.08x44.15","Cr12MoV","1","spare-part-images/581-5027875-5027876-106.png","1","2"
"582","5027875-5027876","Q25JS053","107","Upper clamping block","20.82x13.08x21.06","Cr12MoV","1","spare-part-images/582-5027875-5027876-107.png","1","2"
"583","5027875-5027876","Q25JS053","108","Lower mold insert","19.82x12.08x55.82","Cr12MoV","1","spare-part-images/583-5027875-5027876-108.png","1","2"
"584","5027875-5027876","Q25JS053","109","Upper clamping block","16.18x13.27x30.33","Cr12MoV","1","spare-part-images/584-5027875-5027876-109.png","1","2"
"585","5027875-5027876","Q25JS053","110","Lower mold insert","17.98x12.77x44.15","Cr12MoV","1","spare-part-images/585-5027875-5027876-110.png","1","2"
"586","5027875-5027876","Q25JS053","111","Upper clamping block","20.82x13.27x21.06","Cr12MoV","1","spare-part-images/586-5027875-5027876-111.png","1","2"
"587","5027875-5027876","Q25JS053","112","Lower mold insert","19.82x12.77x55.82","Cr12MoV","1","spare-part-images/587-5027875-5027876-112.png","1","2"
"588","5027875-5027876","Q25JS053","113","Lower mold insert","33x22x35","Cr12MoV","1","spare-part-images/588-5027875-5027876-113.png","1","2"
"589","5027875-5027876","Q25JS053","114","Lower mold insert","33x22x35","Cr12MoV","1","spare-part-images/589-5027875-5027876-114.png","1","2"
"590","5027875-5027876","Q25JS053","115","Lower mold insert","18.50x17.50x35","Cr12MoV","1","spare-part-images/590-5027875-5027876-115.png","1","2"
"591","5027875-5027876","Q25JS053","116","Lower mold insert","18.50x17.50x35","Cr12MoV","1","spare-part-images/591-5027875-5027876-116.png","1","2"
"592","5027875-5027876","Q25JS053","117","Lower mold insert","40.60x59x35","Cr12MoV","1","spare-part-images/592-5027875-5027876-117.png","1","2"
"593","5027875-5027876","Q25JS053","118","Lower mold insert","27x40x35.85","Cr12MoV","1","spare-part-images/593-5027875-5027876-118.png","1","2"
"594","5027875-5027876","Q25JS053","119","Lower mold insert","28x15x35","Cr12MoV","1","spare-part-images/594-5027875-5027876-119.png","1","2"
"595","5027875-5027876","Q25JS053","120","Forming punch","27x18x100.90","Cr12MoV","1","spare-part-images/595-5027875-5027876-120.png","1","2"
"596","5027875-5027876","Q25JS053","121","Forming punch","28x18x100.90","Cr12MoV","1","spare-part-images/596-5027875-5027876-121.png","1","2"
"597","5027875-5027876","Q25JS053","122","Lower mold insert","27x15x35","Cr12MoV","1","spare-part-images/597-5027875-5027876-122.png","1","2"
"598","5027875-5027876","Q25JS053","123","Lower mold insert","28x15x35","Cr12MoV","1","spare-part-images/598-5027875-5027876-123.png","1","2"
"599","5027875-5027876","Q25JS053","124","Forming punch","27x18x100.90","Cr12MoV","1","spare-part-images/599-5027875-5027876-124.png","1","2"
"600","5027875-5027876","Q25JS053","125","Forming punch","28x18x100.90","Cr12MoV","1","spare-part-images/600-5027875-5027876-125.png","1","2"
"601","5027875-5027876","Q25JS053","126","Lower mold insert","27x15x35","Cr12MoV","1","spare-part-images/601-5027875-5027876-126.png","1","2"
"602","5027875-5027876","Q25JS053","127","Lower mold insert","19x23x35","Cr12MoV","1","spare-part-images/602-5027875-5027876-127.png","1","2"
"603","5027875-5027876","Q25JS053","128","Forming punch","16.50x18x98.39","Cr12MoV","1","spare-part-images/603-5027875-5027876-128.png","1","2"
"604","5027875-5027876","Q25JS053","129","Forming punch","17x18x98.39","Cr12MoV","1","spare-part-images/604-5027875-5027876-129.png","1","2"
"605","5027875-5027876","Q25JS053","130","Forming punch","16x18x98.39","Cr12MoV","1","spare-part-images/605-5027875-5027876-130.png","1","2"
"606","5027875-5027876","Q25JS053","131","Forming punch","18x18x98.39","Cr12MoV","1","spare-part-images/606-5027875-5027876-131.png","1","2"
"607","5027875-5027876","Q25JS053","132","Punching punch","24.40x29.97x90","Cr12MoV","1","spare-part-images/607-5027875-5027876-132.png","1","2"
"608","5027875-5027876","Q25JS053","133","Punching punch","24.40x32.85x90","Cr12MoV","1","spare-part-images/608-5027875-5027876-133.png","1","2"
"609","5027875-5027876","Q25JS053","134","Upper clamping block","24x31.50x35.50","Cr12MoV","1","spare-part-images/609-5027875-5027876-134.png","1","2"
"610","5027875-5027876","Q25JS053","135","Upper clamping block","24x31.50x35.50","Cr12MoV","1","spare-part-images/610-5027875-5027876-135.png","1","2"
"611","5027875-5027876","Q25JS053","136","Upper clamping block","23x33x35.50","Cr12MoV","1","spare-part-images/611-5027875-5027876-136.png","1","2"
"612","5027875-5027876","Q25JS053","137","Upper clamping block","23x33x35.50","Cr12MoV","1","spare-part-images/612-5027875-5027876-137.png","1","2"
"613","5027875-5027876","Q25JS053","138","Lower block","19x23x35","Cr12MoV","1","spare-part-images/613-5027875-5027876-138.png","1","2"
"614","5027875-5027876","Q25JS053","139","Upper block","28x17x35","Cr12MoV","1","spare-part-images/614-5027875-5027876-139.png","1","2"
"615","5027875-5027876","Q25JS053","140","Lower mold insert","28x17x35","Cr12MoV","1","spare-part-images/615-5027875-5027876-140.png","1","2"
"616","5027875-5027876","Q25JS053","141","Lower mold insert","28x16x35","Cr12MoV","1","spare-part-images/616-5027875-5027876-141.png","1","2"
"617","5027875-5027876","Q25JS053","142","Lower mold insert","28x16x35","Cr12MoV","1","spare-part-images/617-5027875-5027876-142.png","1","2"
"618","5027875-5027876","Q25JS053","143","Lower mold insert","23x18x35","Cr12MoV","1","spare-part-images/618-5027875-5027876-143.png","1","2"
"619","5027875-5027876","Q25JS053","144","Lower mold insert","23x18x35","Cr12MoV","1","spare-part-images/619-5027875-5027876-144.png","1","2"
"620","5027875-5027876","Q25JS053","145","Lower mold insert","50x49.50x15","Cr12MoV","1","spare-part-images/620-5027875-5027876-145.png","1","2"
"621","5027875-5027876","Q25JS053","146","Lower mold insert","30x95.50x35","Cr12MoV","1","spare-part-images/621-5027875-5027876-146.png","1","2"
"622","5027875-5027876","Q25JS053","147","Lower mold insert","30x95.50x35","Cr12MoV","1","spare-part-images/622-5027875-5027876-147.png","1","2"
"623","5027875-5027876","Q25JS053","148","Lower mold insert","23x42.50x15","Cr12MoV","1","spare-part-images/623-5027875-5027876-148.png","1","2"
"624","5027875-5027876","Q25JS053","149","Lower mold insert","23x42.50x20","Cr12MoV","1","spare-part-images/624-5027875-5027876-149.png","1","2"
"625","5027875-5027876","Q25JS053","150","Lower mold insert","24x43x15","Cr12MoV","1","spare-part-images/625-5027875-5027876-150.png","1","2"
"626","5027875-5027876","Q25JS053","151","Lower mold insert","24x43x20","Cr12MoV","1","spare-part-images/626-5027875-5027876-151.png","1","2"
"627","5027875-5027876","Q25JS053","152","Lower mold insert","Ø26x63","Cr12MoV","1","spare-part-images/627-5027875-5027876-152.png","1","2"
"628","5027875-5027876","Q25JS053","153","Lower mold insert","27x42x63","Cr12MoV","1","spare-part-images/628-5027875-5027876-153.png","1","2"
"629","5027875-5027876","Q25JS053","154","Lower mold insert","Ø26x63","Cr12MoV","1","spare-part-images/629-5027875-5027876-154.png","1","2"
"630","5004909","Q25JS052","16","Forming punch","32x29x88","Cr12MoV","1","spare-part-images/630-5004909-16.png","1","2"
"631","5004909","Q25JS052","17","Forming punch","32x29x88","Cr12MoV","1","spare-part-images/631-5004909-17.png","1","2"
"632","5004909","Q25JS052","18","Punching punch","16.97x20.2x80","Cr12MoV","1","spare-part-images/632-5004909-18.png","1","2"
"633","5004909","Q25JS052","19","Punching punch","16.97x20.2x80","Cr12MoV","1","spare-part-images/633-5004909-19.png","1","2"
"634","5004909","Q25JS052","20","Punching punch","22x17x80","Cr12MoV","1","spare-part-images/634-5004909-20.png","1","2"
"635","5004909","Q25JS052","21","Punching punch","22x17x80","Cr12MoV","1","spare-part-images/635-5004909-21.png","1","2"
"636","5004909","Q25JS052","22","Punching punch","15.50x13.5x80","Cr12MoV","1","spare-part-images/636-5004909-22.png","1","2"
"637","5004909","Q25JS052","23","Punching punch","15.50x13.5x80","Cr12MoV","1","spare-part-images/637-5004909-23.png","1","2"
"638","5004909","Q25JS052","24","Punching punch","19x28x80","Cr12MoV","1","spare-part-images/638-5004909-24.png","1","2"
"639","5004909","Q25JS052","25","Forming punch","Ø8x110","Cr12MoV","1","spare-part-images/639-5004909-25.png","1","2"
"640","5004909","Q25JS052","28","Upper clamping block","23.90x36.40x15","Cr12MoV","1","spare-part-images/640-5004909-28.png","1","2"
"641","5004909","Q25JS052","29","Upper clamping block","23.90x36.40x15","Cr12MoV","1","spare-part-images/641-5004909-29.png","1","2"
"642","5004909","Q25JS052","31","Upper clamping block","24.50x37x15","Cr12MoV","1","spare-part-images/642-5004909-31.png","1","2"
"643","5004909","Q25JS052","36","Upper clamping block","Ø7x44","Cr12MoV","2","spare-part-images/643-5004909-36.png","1","2"
"644","5004909","Q25JS052","37","Upper clamping block","Ø9x38.60","Cr12MoV","2","spare-part-images/644-5004909-37.png","1","2"
"645","5004909","Q25JS052","38","Lower mold insert","20x16x30","Cr12MoV","2","spare-part-images/645-5004909-38.png","1","2"
"646","5004909","Q25JS052","39","Lower mold insert","20.50x24x30.20","Cr12MoV","1","spare-part-images/646-5004909-39.png","1","2"
"647","5004909","Q25JS052","40","Lower mold insert","20.50x24x30","Cr12MoV","1","spare-part-images/647-5004909-40.png","1","2"
"648","5004909","Q25JS052","41","Lower mold insert","15x15x30","Cr12MoV","1","spare-part-images/648-5004909-41.png","1","2"
"649","5004909","Q25JS052","42","Lower mold insert","28.50x36x30","Cr12MoV","1","spare-part-images/649-5004909-42.png","1","2"
"650","5004909","Q25JS052","43","Lower mold insert","28.50x36x30","Cr12MoV","1","spare-part-images/650-5004909-43.png","1","2"
"651","5004909","Q25JS052","44","Lower mold insert","32x25x30","Cr12MoV","1","spare-part-images/651-5004909-44.png","1","2"
"652","5004909","Q25JS052","45","Lower mold insert","32.50x25x30","Cr12MoV","1","spare-part-images/652-5004909-45.png","1","2"
"653","5004909","Q25JS052","46","Lower mold insert","34x21x30","Cr12MoV","1","spare-part-images/653-5004909-46.png","1","2"
"654","5004909","Q25JS052","47","Lower mold insert","34x21x30","Cr12MoV","1","spare-part-images/654-5004909-47.png","1","2"
"655","5004909","Q25JS052","48","Lower mold insert","18x17x30","Cr12MoV","1","spare-part-images/655-5004909-48.png","1","2"
"656","5004909","Q25JS052","49","Lower mold insert","16x19x30","Cr12MoV","1","spare-part-images/656-5004909-49.png","1","2"
"657","5004909","Q25JS052","50","Lower mold insert","51x43x30","Cr12MoV","1","spare-part-images/657-5004909-50.png","1","2"
"658","5036775-AA","Q25JS054","6","Punch","Ø16x57.75","Cr12MoV","4","spare-part-images/658-5036775-AA-6.png","1","2"
"659","5036775-AA","Q25JS054","8","Insert template","12.5xØ15x55","Cr12MoV","4","spare-part-images/659-5036775-AA-8.png","1","2"
"660","5036775-AA","Q25JS054","9","Insert template","22x15x55","45#","2","spare-part-images/660-5036775-AA-9.png","1","2"
"661","5036775-AA","Q25JS054","10","Insert template","22x15x55","45#","2","spare-part-images/661-5036775-AA-10.png","1","2"
"662","5038709","Q25JS075","47","Forming punch","50.59x6.04x76","Cr12MoV","1","spare-part-images/662-5038709-47.png","1","2"
"663","5038709","Q25JS075","48","Forming punch","Ø10x76.20","Cr12MoV","1","spare-part-images/663-5038709-48.png","1","2"
"664","5038709","Q25JS075","49","Forming punch","10x12x76.10","Cr12MoV","1","spare-part-images/664-5038709-49.png","1","2"
"665","5038709","Q25JS075","50","Punching punch","22.70x27.72x80","Cr12MoV","1","spare-part-images/665-5038709-50.png","1","2"
"666","5038709","Q25JS075","51","Punching punch","22.70x21.82x80","Cr12MoV","1","spare-part-images/666-5038709-51.png","1","2"
"667","5038709","Q25JS075","52","Punching punch","15x21x80","Cr12MoV","1","spare-part-images/667-5038709-52.png","1","2"
"668","5038709","Q25JS075","53","Punching punch","52x34.55x80","Cr12MoV","1","spare-part-images/668-5038709-53.png","1","2"
"669","5038709","Q25JS075","54","Punching punch","22.50x23x80","Cr12MoV","1","spare-part-images/669-5038709-54.png","1","2"
"670","5038709","Q25JS075","55","Punching punch","17.50x13x80","Cr12MoV","1","spare-part-images/670-5038709-55.png","1","2"
"671","5038709","Q25JS075","56","Forming punch","14.55x17x77.18","Cr12MoV","1","spare-part-images/671-5038709-56.png","1","2"
"672","5038709","Q25JS075","57","Punching punch","54.64x13.57x80","Cr12MoV","1","spare-part-images/672-5038709-57.png","1","2"
"673","5038709","Q25JS075","58","Punching punch","12x16x80","Cr12MoV","1","spare-part-images/673-5038709-58.png","1","2"
"674","5038709","Q25JS075","59","Punching punch","14x20.50x80","Cr12MoV","1","spare-part-images/674-5038709-59.png","1","2"
"675","5038709","Q25JS075","60","Punching punch","112x66.45x87","Cr12MoV","1","spare-part-images/675-5038709-60.png","1","2"
"676","5038709","Q25JS075","61","Punching punch","103.05x112x80","Cr12MoV","1","spare-part-images/676-5038709-61.png","1","2"
"677","5038709","Q25JS075","62","Punching punch","25.36x25.16x80","Cr12MoV","1","spare-part-images/677-5038709-62.png","1","2"
"678","5038709","Q25JS075","63","Forming punch","41.88x33.28","Cr12MoV","1","spare-part-images/678-5038709-63.png","1","2"
"679","5038709","Q25JS075","64","Forming punch","38.35x33x75.80","Cr12MoV","1","spare-part-images/679-5038709-64.png","1","2"
"680","5038709","Q25JS075","65","Forming punch","47.55x17.60x80","Cr12MoV","1","spare-part-images/680-5038709-65.png","1","2"
"681","5038709","Q25JS075","66","Punching punch","69.79x61.17x80","Cr12MoV","1","spare-part-images/681-5038709-66.png","1","2"
"682","5038709","Q25JS075","67","Punching punch","53x50.58x49","Cr12MoV","1","spare-part-images/682-5038709-67.png","1","2"
"683","5038709","Q25JS075","68","Punching punch","Ø49.03x31","Cr12MoV","1","spare-part-images/683-5038709-68.png","1","2"
"684","5038709","Q25JS075","69","Punching punch","11x7.68x80","Cr12MoV","1","spare-part-images/684-5038709-69.png","1","2"
"685","5038709","Q25JS075","70","Forming punch","Ø13x78.10","Cr12MoV","3","spare-part-images/685-5038709-70.png","1","2"
"686","5038709","Q25JS075","71","Forming punch","Ø13x77.20","Cr12MoV","1","spare-part-images/686-5038709-71.png","1","2"
"687","5038709","Q25JS075","72","Forming punch","25x106x75","Cr12MoV","1","spare-part-images/687-5038709-72.png","1","2"
"688","5038709","Q25JS075","73","Forming punch","15x106x75","Cr12MoV","1","spare-part-images/688-5038709-73.png","1","2"
"689","5038709","Q25JS075","74","Forming punch","15x106x75","Cr12MoV","1","spare-part-images/689-5038709-74.png","1","2"
"690","5038709","Q25JS075","75","Forming punch","15x106x75","Cr12MoV","1","spare-part-images/690-5038709-75.png","1","2"
"691","5038709","Q25JS075","76","Forming punch","15x106x75","Cr12MoV","1","spare-part-images/691-5038709-76.png","1","2"
"692","5038709","Q25JS075","77","Forming punch","15x95x75","Cr12MoV","1","spare-part-images/692-5038709-77.png","1","2"
"693","5038709","Q25JS075","78","Forming punch","15x95x75","Cr12MoV","1","spare-part-images/693-5038709-78.png","1","2"
"694","5038709","Q25JS075","79","Forming punch","15x95x75","Cr12MoV","1","spare-part-images/694-5038709-79.png","1","2"
"695","5038709","Q25JS075","80","Forming punch","15x95x75","Cr12MoV","1","spare-part-images/695-5038709-80.png","1","2"
"696","5038709","Q25JS075","81","Forming punch","15x95x75","Cr12MoV","1","spare-part-images/696-5038709-81.png","1","2"
"697","5038709","Q25JS075","82","Forming punch","92x89x99","Cr12MoV","1","spare-part-images/697-5038709-82.png","1","2"
"698","5038709","Q25JS075","83","Punching punch","87x85x99","Cr12MoV","1","spare-part-images/698-5038709-83.png","1","2"
"699","5038709","Q25JS075","84","Forming punch","40x80x106.80","Cr12MoV","1","spare-part-images/699-5038709-84.png","1","2"
"700","5038709","Q25JS075","85","Forming punch","40x80x106.80","Cr12MoV","1","spare-part-images/700-5038709-85.png","1","2"
"701","5038709","Q25JS075","86","Punching punch","44x34.37x80","Cr12MoV","1","spare-part-images/701-5038709-86.png","1","2"
"702","5038709","Q25JS075","87","Upper clamping block","46x27x25","Cr12MoV","1","spare-part-images/702-5038709-87.png","1","2"
"703","5038709","Q25JS075","88","Upper clamping block","Ø11x23.70","Cr12MoV","1","spare-part-images/703-5038709-88.png","1","2"
"704","5038709","Q25JS075","89","Upper clamping block","Ø9xØ6x44","Cr12MoV","1","spare-part-images/704-5038709-89.png","1","2"
"705","5038709","Q25JS075","90","Upper clamping block","26x25x25","Cr12MoV","1","spare-part-images/705-5038709-90.png","1","2"
"706","5038709","Q25JS075","91","Upper clamping block","36x26x25","Cr12MoV","1","spare-part-images/706-5038709-91.png","1","2"
"707","5038709","Q25JS075","94","Upper clamping block","72x66x25.23","Cr12MoV","1","spare-part-images/707-5038709-94.png","1","2"
"708","5038709","Q25JS075","96","Upper clamping block","Ø13x26.50","Cr12MoV","1","spare-part-images/708-5038709-96.png","1","2"
"709","5038709","Q25JS075","97","Upper clamping block","43x32x25","Cr12MoV","1","spare-part-images/709-5038709-97.png","1","2"
"710","5038709","Q25JS075","98","Upper clamping block","Ø11x24.10","Cr12MoV","1","spare-part-images/710-5038709-98.png","1","2"
"711","5038709","Q25JS075","99","Upper clamping block","16x32x25","Cr12MoV","1","spare-part-images/711-5038709-99.png","1","2"
"712","5038709","Q25JS075","100","Upper clamping block","25x22x25","Cr12MoV","1","spare-part-images/712-5038709-100.png","1","2"
"713","5038709","Q25JS075","101","Upper clamping block","16x32x25","Cr12MoV","1","spare-part-images/713-5038709-101.png","1","2"
"714","5038709","Q25JS075","102","Upper clamping block","14.5x24.15x26.98","Cr12MoV","1","spare-part-images/714-5038709-102.png","1","2"
"715","5038709","Q25JS075","105","Upper clamping block","Ø13xØ10x40","Cr12MoV","2","spare-part-images/715-5038709-105.png","1","2"
"716","5038709","Q25JS075","106","Upper clamping block","Ø11x41.3","Cr12MoV","6","spare-part-images/716-5038709-106.png","1","2"
"717","5038709","Q25JS075","107","Upper clamping block","Ø16x41.3","Cr12MoV","1","spare-part-images/717-5038709-107.png","1","2"
"718","5038709","Q25JS075","108","Upper clamping block","29x88x28","Cr12MoV","1","spare-part-images/718-5038709-108.png","1","2"
"719","5038709","Q25JS075","109","Upper clamping block","29x84x28","Cr12MoV","1","spare-part-images/719-5038709-109.png","1","2"
"720","5038709","Q25JS075","110","Upper clamping block","65x68x20","Cr12MoV","1","spare-part-images/720-5038709-110.png","1","2"
"721","5038709","Q25JS075","111","Upper clamping block","80x90x20","Cr12MoV","1","spare-part-images/721-5038709-111.png","1","2"
"722","5038709","Q25JS075","112","Upper clamping block","65x68x20","Cr12MoV","1","spare-part-images/722-5038709-112.png","1","2"
"723","5038709","Q25JS075","113","Upper clamping block","80x90x20","Cr12MoV","1","spare-part-images/723-5038709-113.png","1","2"
"724","5038709","Q25JS075","114","Upper clamping block","35x20x30","Cr12MoV","1","spare-part-images/724-5038709-114.png","1","2"
"725","5038709","Q25JS075","115","Upper clamping block","35x20x30","Cr12MoV","1","spare-part-images/725-5038709-115.png","1","2"
"726","5038709","Q25JS075","116","Lower mold insert","84x20x30","Cr12MoV","1","spare-part-images/726-5038709-116.png","1","2"
"727","5038709","Q25JS075","117","Lower mold insert","50.05x3.50x29","Cr12MoV","1","spare-part-images/727-5038709-117.png","1","2"
"728","5038709","Q25JS075","118","Lower mold insert","24x16.50x30","Cr12MoV","1","spare-part-images/728-5038709-118.png","1","2"
"729","5038709","Q25JS075","119","Lower mold insert","39x36x15","Cr12MoV","1","spare-part-images/729-5038709-119.png","1","2"
"730","5038709","Q25JS075","120","Lower mold insert","39x36x15","Cr12MoV","1","spare-part-images/730-5038709-120.png","1","2"
"731","5038709","Q25JS075","121","Lower mold insert","Ø11x31.40","Cr12MoV","1","spare-part-images/731-5038709-121.png","1","2"
"732","5038709","Q25JS075","122","Lower mold insert","16.40x36.66x30","Cr12MoV","1","spare-part-images/732-5038709-122.png","1","2"
"733","5038709","Q25JS075","123","Lower mold insert","2.34x4.34x29","Cr12MoV","1","spare-part-images/733-5038709-123.png","1","2"
"734","5038709","Q25JS075","124","Lower mold insert","18x30x30","Cr12MoV","1","spare-part-images/734-5038709-124.png","1","2"
"735","5038709","Q25JS075","125","Lower mold insert","75.95x73.95x15","Cr12MoV","1","spare-part-images/735-5038709-125.png","1","2"
"736","5038709","Q25JS075","128","Lower mold insert","33x18.66x30","Cr12MoV","1","spare-part-images/736-5038709-128.png","1","2"
"737","5038709","Q25JS075","129","Lower mold insert","Ø13x28.79","Cr12MoV","1","spare-part-images/737-5038709-129.png","1","2"
"738","5038709","Q25JS075","130","Lower mold insert","38x24x30","Cr12MoV","1","spare-part-images/738-5038709-130.png","1","2"
"739","5038709","Q25JS075","131","Lower mold insert","35x20x30","Cr12MoV","1","spare-part-images/739-5038709-131.png","1","2"
"740","5038709","Q25JS075","132","Lower mold insert","83x41x30","Cr12MoV","1","spare-part-images/740-5038709-132.png","1","2"
"741","5038709","Q25JS075","133","Lower mold insert","33x44x30","Cr12MoV","1","spare-part-images/741-5038709-133.png","1","2"
"742","5038709","Q25JS075","134","Lower mold insert","36x36x15","Cr12MoV","1","spare-part-images/742-5038709-134.png","1","2"
"743","5038709","Q25JS075","135","Lower mold insert","36x36x15","Cr12MoV","1","spare-part-images/743-5038709-135.png","1","2"
"744","5038709","Q25JS075","136","Lower mold insert","16x24x30","Cr12MoV","1","spare-part-images/744-5038709-136.png","1","2"
"745","5038709","Q25JS075","137","Lower mold insert","Ø11x30.90","Cr12MoV","1","spare-part-images/745-5038709-137.png","1","2"
"746","5038709","Q25JS075","138","Lower mold insert","32x23x30","Cr12MoV","1","spare-part-images/746-5038709-138.png","1","2"
"747","5038709","Q25JS075","139","Lower mold insert","86x53x30","Cr12MoV","1","spare-part-images/747-5038709-139.png","1","2"
"748","5038709","Q25JS075","140","Lower mold insert","45x27x30","Cr12MoV","1","spare-part-images/748-5038709-140.png","1","2"
"749","5038709","Q25JS075","141","Lower mold insert","86x33x30","Cr12MoV","1","spare-part-images/749-5038709-141.png","1","2"
"750","5038709","Q25JS075","142","Lower mold insert","23x29x30","Cr12MoV","1","spare-part-images/750-5038709-142.png","1","2"
"751","5038709","Q25JS075","143","Lower mold insert","18x40x30","Cr12MoV","1","spare-part-images/751-5038709-143.png","1","2"
"752","5038709","Q25JS075","144","Lower mold insert","23.50x35x30","Cr12MoV","1","spare-part-images/752-5038709-144.png","1","2"
"753","5038709","Q25JS075","145","Lower mold insert","41.17x23.50x30","Cr12MoV","1","spare-part-images/753-5038709-145.png","1","2"
"754","5038709","Q25JS075","146","Lower mold insert","11.87x8.47x28.05","Cr12MoV","1","spare-part-images/754-5038709-146.png","1","2"
"755","5038709","Q25JS075","147","Lower mold insert","88x137x30","Cr12MoV","1","spare-part-images/755-5038709-147.png","1","2"
"756","5038709","Q25JS075","148","Lower mold insert","128x137x30","Cr12MoV","1","spare-part-images/756-5038709-148.png","1","2"
"757","5038709","Q25JS075","149","Lower mold insert","74x34x30","Cr12MoV","1","spare-part-images/757-5038709-149.png","1","2"
"758","5038709","Q25JS075","150","Lower mold insert","61x44x30","Cr12MoV","1","spare-part-images/758-5038709-150.png","1","2"
"759","5038709","Q25JS075","151","Lower mold insert","41.55x23.72x29.20","Cr12MoV","1","spare-part-images/759-5038709-151.png","1","2"
"760","5038709","Q25JS075","152","Lower mold insert","38.48x23.61x29.20","Cr12MoV","1","spare-part-images/760-5038709-152.png","1","2"
"761","5038709","Q25JS075","153","Lower mold insert","48x35.44x30","Cr12MoV","1","spare-part-images/761-5038709-153.png","1","2"
"762","5038709","Q25JS075","154","Lower mold insert","51.50x34x30","Cr12MoV","1","spare-part-images/762-5038709-154.png","1","2"
"763","5038709","Q25JS075","155","Lower mold insert","31x36x30","Cr12MoV","1","spare-part-images/763-5038709-155.png","1","2"
"764","5038709","Q25JS075","156","Lower mold insert","50.50x39x40","Cr12MoV","1","spare-part-images/764-5038709-156.png","1","2"
"765","5038709","Q25JS075","157","Lower mold insert","80.50x41.50x40","Cr12MoV","1","spare-part-images/765-5038709-157.png","1","2"
"766","5038709","Q25JS075","158","Lower mold insert","17x49x30","Cr12MoV","1","spare-part-images/766-5038709-158.png","1","2"
"767","5038709","Q25JS075","159","Lower mold insert","17x49x30","Cr12MoV","1","spare-part-images/767-5038709-159.png","1","2"
"768","5038709","Q25JS075","162","Lower mold insert","73x100x20","Cr12MoV","1","spare-part-images/768-5038709-162.png","1","2"
"769","5038709","Q25JS075","163","Lower mold insert","87x90.03x30","Cr12MoV","1","spare-part-images/769-5038709-163.png","1","2"
"770","5038709","Q25JS075","164","Lower mold insert","28x15.50x30","Cr12MoV","1","spare-part-images/770-5038709-164.png","1","2"
"771","5038709","Q25JS075","165","Lower mold insert","28x15.50x30","Cr12MoV","1","spare-part-images/771-5038709-165.png","1","2"
"772","5038709","Q25JS075","166","Lower mold insert","28x15.50x30","Cr12MoV","1","spare-part-images/772-5038709-166.png","1","2"
"773","5038709","Q25JS075","167","Lower mold insert","28x48x30","Cr12MoV","1","spare-part-images/773-5038709-167.png","1","2"
"774","5038709","Q25JS075","168","Lower mold insert","58x20x30","Cr12MoV","1","spare-part-images/774-5038709-168.png","1","2"
"775","5038709","Q25JS075","169","Lower mold insert","36.40x15.50x30","Cr12MoV","1","spare-part-images/775-5038709-169.png","1","2"
"776","5038709","Q25JS075","170","Lower mold insert","26x29x50x30","Cr12MoV","1","spare-part-images/776-5038709-170.png","1","2"
"777","5038709","Q25JS075","171","Lower mold insert","19x30.50x30","Cr12MoV","1","spare-part-images/777-5038709-171.png","1","2"
"778","5038709","Q25JS075","172","Lower mold insert","57.50x20x30","Cr12MoV","1","spare-part-images/778-5038709-172.png","1","2"
"779","5038709","Q25JS075","173","Lower mold insert","28x39.50x30","Cr12MoV","1","spare-part-images/779-5038709-173.png","1","2"
"780","5038709","Q25JS075","174","Lower mold insert","26x29.50x30","Cr12MoV","1","spare-part-images/780-5038709-174.png","1","2"
"781","5038709","Q25JS075","175","Lower mold insert","Ø13x30.90","Cr12MoV","1","spare-part-images/781-5038709-175.png","1","2"
"782","5038709","Q25JS075","176","Lower mold insert","Ø9x31.40","Cr12MoV","1","spare-part-images/782-5038709-176.png","1","2"
"783","5038709","Q25JS075","177","Lower mold insert","Ø8x31.20","Cr12MoV","1","spare-part-images/783-5038709-177.png","1","2"
"784","5038709","Q25JS075","178","Lower mold insert","6x7x31.20","Cr12MoV","1","spare-part-images/784-5038709-178.png","1","2"
"785","5038709","Q25JS075","179","Lower mold insert","Ø16x21","Cr12MoV","1","spare-part-images/785-5038709-179.png","1","2"
"786","5038709","Q25JS075","180","Lower mold insert","28.40x15.50x30","Cr12MoV","1","spare-part-images/786-5038709-180.png","1","2"
"787","5038709","Q25JS075","184","Lower mold insert","36x14x25","Cr12MoV","1","spare-part-images/787-5038709-184.png","1","2"
"788","5038709","Q25JS075","185","Lower mold insert","17x54x30","Cr12MoV","1","spare-part-images/788-5038709-185.png","1","2"
"789","5038709","Q25JS075","186","Lower mold insert","54x14x30","Cr12MoV","1","spare-part-images/789-5038709-186.png","1","2"
"790","5038709","Q25JS075","187","Lower mold insert","36x14x29.80","Cr12MoV","1","spare-part-images/790-5038709-187.png","1","2"
"791","5038709","Q25JS075","190","Lower mold insert","25x106x30","Cr12MoV","1","spare-part-images/791-5038709-190.png","1","2"
"792","5038709","Q25JS075","191","Lower mold insert","15x106x30","Cr12MoV","1","spare-part-images/792-5038709-191.png","1","2"
"793","5038709","Q25JS075","192","Lower mold insert","15x106x30","Cr12MoV","1","spare-part-images/793-5038709-192.png","1","2"
"794","5038709","Q25JS075","193","Lower mold insert","15x95x30","Cr12MoV","1","spare-part-images/794-5038709-193.png","1","2"
"795","5038709","Q25JS075","197","Lower mold insert","15x95x30","Cr12MoV","1","spare-part-images/795-5038709-197.png","1","2"
"796","5038709","Q25JS075","198","Lower mold insert","15x95x30","Cr12MoV","1","spare-part-images/796-5038709-198.png","1","2"
"797","5038709","Q25JS075","199","Lower mold insert","20x95x30","Cr12MoV","1","spare-part-images/797-5038709-199.png","1","2"
"798","5038709","Q25JS075","200","Lower mold insert","65x68x30","Cr12MoV","1","spare-part-images/798-5038709-200.png","1","2"
"799","5038709","Q25JS075","201","Lower mold insert","60x90x31.80","Cr12MoV","1","spare-part-images/799-5038709-201.png","1","2"
"800","5038709","Q25JS075","202","Lower mold insert","65x68x31.80","Cr12MoV","1","spare-part-images/800-5038709-202.png","1","2"
"801","5038709","Q25JS075","203","Lower mold insert","80x90x31.80","Cr12MoV","1","spare-part-images/801-5038709-203.png","1","2"
"802","5038709","Q25JS075","204","Lower block","65x68x45","Cr12","1","spare-part-images/802-5038709-204.png","1","2"
"803","5038709","Q25JS075","219","Lower mold insert","55x101x20.76","Cr12MoV","1","spare-part-images/803-5038709-219.png","1","2"
"804","5038709","Q25JS075","220","Lower mold insert","55x90.50x20.26","Cr12MoV","1","spare-part-images/804-5038709-220.png","1","2"
"805","5038709","Q25JS075","223","Lower mold insert","60.10x21.50x25.90","Cr12MoV","1","spare-part-images/805-5038709-223.png","1","2"
"806","5038709","Q25JS075","224","Lower mold insert","27.07x90x21.50","Cr12MoV","1","spare-part-images/806-5038709-224.png","1","2"
"807","5038709","Q25JS075","225","Lower mold insert","25.90x100x60","Cr12MoV","1","spare-part-images/807-5038709-225.png","1","2"
"808","5038709","Q25JS075","226","Lower mold insert","24.90x100x60","Cr12MoV","1","spare-part-images/808-5038709-226.png","1","2"
"809","5038709","Q25JS075","227","Lower mold insert","40x90x85","Cr12MoV","1","spare-part-images/809-5038709-227.png","1","2"
"810","5038709","Q25JS075","228","Lower mold insert","40x101x85","Cr12MoV","1","spare-part-images/810-5038709-228.png","1","2"
"811","5038709","Q25JS075","229","Lower mold insert","11.5x65x38.50","Cr12MoV","1","spare-part-images/811-5038709-229.png","1","2"
"812","5038709","Q25JS075","230","Lower mold insert","11.50x59x40","Cr12MoV","1","spare-part-images/812-5038709-230.png","1","2"
"813","5038515","Q25JS077","74","Upper block","Ø12x83","45#","6","spare-part-images/813-5038515-74.png","1","2"
"814","5038515","Q25JS077","76","Upper clamping block","Ø11x56.60","Cr12MoV","4","spare-part-images/814-5038515-76.png","1","2"
"815","5038515","Q25JS077","77","Upper clamping block","Ø8x60","Cr12MoV","6","spare-part-images/815-5038515-77.png","1","2"
"816","5038515","Q25JS077","78","Upper clamping block","Ø9x41","Cr12MoV","13","spare-part-images/816-5038515-78.png","1","2"
"817","5038515","Q25JS077","79","Lower mold insert","28x30x16.50","Cr12MoV","2","spare-part-images/817-5038515-79.png","1","2"
"818","5038515","Q25JS077","80","Upper clamping block","25x50x47","Cr12MoV","2","spare-part-images/818-5038515-80.png","1","2"
"819","5038515","Q25JS077","81","Upper clamping block","25x50x47","Cr12MoV","2","spare-part-images/819-5038515-81.png","1","2"
"820","5038515","Q25JS077","82","Upper clamping block","16.85x100.90x15.20","Cr12MoV","1","spare-part-images/820-5038515-82.png","1","2"
"821","5038515","Q25JS077","83","Upper clamping block","16.85x100.90x15.20","Cr12MoV","1","spare-part-images/821-5038515-83.png","1","2"
"822","5038515","Q25JS077","84","Lower mold insert","12.6x55.26x16.50","Cr12MoV","2","spare-part-images/822-5038515-84.png","1","2"
"823","5038515","Q25JS077","85","Lower mold insert","19x16x15","Cr12MoV","2","spare-part-images/823-5038515-85.png","1","2"
"824","5038515","Q25JS077","86","Lower mold insert","42x60x75","45#","2","spare-part-images/824-5038515-86.png","1","2"
"825","5038515","Q25JS077","87","Lower mold insert","18x60x43","Cr12MoV","2","spare-part-images/825-5038515-87.png","1","2"
"826","5038515","Q25JS077","88","Upper clamping block","40x31x15","Cr12MoV","1","spare-part-images/826-5038515-88.png","1","2"
"827","5038515","Q25JS077","89","Upper clamping block","41x33x15","Cr12MoV","1","spare-part-images/827-5038515-89.png","1","2"
"828","5038515","Q25JS077","90","Upper clamping block","40x31x15","Cr12MoV","1","spare-part-images/828-5038515-90.png","1","2"
"829","5038515","Q25JS077","91","Upper clamping block","41x33x15","Cr12MoV","1","spare-part-images/829-5038515-91.png","1","2"
"830","5038515","Q25JS077","96","Forming punch","35x71x90","Cr12MoV","1","spare-part-images/830-5038515-96.png","1","2"
"831","5038515","Q25JS077","97","Forming punch","35x71x73.08","Cr12MoV","1","spare-part-images/831-5038515-97.png","1","2"
"832","5038515","Q25JS077","98","Lower mold insert","36.3x71x40","Cr12MoV","1","spare-part-images/832-5038515-98.png","1","2"
"833","5038515","Q25JS077","99","Lower mold insert","36.3x71x40","Cr12MoV","1","spare-part-images/833-5038515-99.png","1","2"
"834","5038515","Q25JS077","100","Forming punch","29x71x97","Cr12MoV","1","spare-part-images/834-5038515-100.png","1","2"
"835","5038515","Q25JS077","101","Forming punch","29x71x97","Cr12MoV","1","spare-part-images/835-5038515-101.png","1","2"
"836","5038515","Q25JS077","102","Upper clamping block","27x47x25","Cr12MoV","1","spare-part-images/836-5038515-102.png","1","2"
"837","5038515","Q25JS077","103","Forming punch","20x28x85.85","Cr12MoV","2","spare-part-images/837-5038515-103.png","1","2"
"838","5038515","Q25JS077","104","Lower mold insert","31x70x40","Cr12MoV","1","spare-part-images/838-5038515-104.png","1","2"
"839","5038515","Q25JS077","105","Lower mold insert","31x70x40","Cr12MoV","1","spare-part-images/839-5038515-105.png","1","2"
"840","5038515","Q25JS077","106","Lower mold insert","21.61x30x35","Cr12MoV","1","spare-part-images/840-5038515-106.png","1","2"
"841","5038515","Q25JS077","107","Lower mold insert","21.61x30x35","Cr12MoV","1","spare-part-images/841-5038515-107.png","1","2"
"842","5038515","Q25JS077","108","Forming punch","47x69x81","Cr12MoV","1","spare-part-images/842-5038515-108.png","1","2"
"843","5038515","Q25JS077","109","Forming punch","47x69x81","Cr12MoV","1","spare-part-images/843-5038515-109.png","1","2"
"844","5038515","Q25JS077","110","Lower mold insert","47x69x40","Cr12MoV","1","spare-part-images/844-5038515-110.png","1","2"
"845","5038515","Q25JS077","111","Lower mold insert","47x69x40","Cr12MoV","1","spare-part-images/845-5038515-111.png","1","2"
"846","5038515","Q25JS077","112","Lower mold insert","10x5.5x34.49","Cr12MoV","2","spare-part-images/846-5038515-112.png","1","2"
"847","5038515","Q25JS077","113","Upper clamping block","37x69x49","Cr12MoV","1","spare-part-images/847-5038515-113.png","1","2"
"848","5038515","Q25JS077","114","Upper clamping block","37x69x49","Cr12MoV","1","spare-part-images/848-5038515-114.png","1","2"
"849","5038515","Q25JS077","115","Lower mold insert","30.99x53x55","Cr12MoV","1","spare-part-images/849-5038515-115.png","1","2"
"850","5038515","Q25JS077","116","Lower mold insert","30.99x53x55","Cr12MoV","1","spare-part-images/850-5038515-116.png","1","2"
"851","5038515","Q25JS077","117","Forming punch","38x29x109","Cr12MoV","2","spare-part-images/851-5038515-117.png","1","2"
"852","5038515","Q25JS077","118","Lower block","30x65x21.80","Cr12MoV","1","spare-part-images/852-5038515-118.png","1","2"
"853","5038515","Q25JS077","119","Lower block","30x65x21.80","Cr12MoV","1","spare-part-images/853-5038515-119.png","1","2"
"854","5038515","Q25JS077","120","Lower mold insert","13x36x30","Cr12MoV","2","spare-part-images/854-5038515-120.png","1","2"
"855","5038515","Q25JS077","121","Lower block","85.8x48.8x12","Cr12MoV","2","spare-part-images/855-5038515-121.png","1","2"
"856","5038515","Q25JS077","122","Upper clamping block","24.40x49.5x34","Cr12MoV","1","spare-part-images/856-5038515-122.png","1","2"
"857","5038515","Q25JS077","123","Upper clamping block","24.40x49.5x34","Cr12MoV","1","spare-part-images/857-5038515-123.png","1","2"
"858","5038515","Q25JS077","124","Upper clamping block","22x23x26","Cr12MoV","1","spare-part-images/858-5038515-124.png","1","2"
"859","5038515","Q25JS077","125","Upper clamping block","22x23x26","Cr12MoV","1","spare-part-images/859-5038515-125.png","1","2"
"860","5038515","Q25JS077","126","Lower mold insert","34.50x53x15","Cr12MoV","2","spare-part-images/860-5038515-126.png","1","2"
"861","5038515","Q25JS077","128","Lower mold insert","47x42x30","Cr12MoV","1","spare-part-images/861-5038515-128.png","1","2"
"862","5038515","Q25JS077","129","Lower mold insert","32.74x71x39.30","Cr12MoV","1","spare-part-images/862-5038515-129.png","1","2"
"863","5038515","Q25JS077","130","Lower mold insert","32.74x71x39.30","Cr12MoV","1","spare-part-images/863-5038515-130.png","1","2"
"864","5038515","Q25JS077","131","Upper clamping block","43x70x19","Cr12MoV","1","spare-part-images/864-5038515-131.png","1","2"
"865","5038515","Q25JS077","132","Upper clamping block","43x70x19","Cr12MoV","1","spare-part-images/865-5038515-132.png","1","2"
"866","5038515","Q25JS077","133","Forming punch","36x37x84","Cr12MoV","1","spare-part-images/866-5038515-133.png","1","2"
"867","5038515","Q25JS077","134","Forming punch","36x37x84","Cr12MoV","1","spare-part-images/867-5038515-134.png","1","2"
"868","5038515","Q25JS077","135","Lower mold insert","31x26x30","Cr12MoV","1","spare-part-images/868-5038515-135.png","1","2"
"869","5038515","Q25JS077","136","Lower mold insert","31x26x30","Cr12MoV","1","spare-part-images/869-5038515-136.png","1","2"
"870","5038515","Q25JS077","137","Upper clamping block","32x14x33","Cr12MoV","1","spare-part-images/870-5038515-137.png","1","2"
"871","5038515","Q25JS077","138","Lower block","60x66x19","Cr12MoV","1","spare-part-images/871-5038515-138.png","1","2"
"872","5038515","Q25JS077","139","Lower block","60x66x19","Cr12MoV","1","spare-part-images/872-5038515-139.png","1","2"
"873","5038515","Q25JS077","140","Forming punch","94.9x72x84","Cr12MoV","1","spare-part-images/873-5038515-140.png","1","2"
"874","5038515","Q25JS077","141","Forming punch","94.9x72x85","Cr12MoV","1","spare-part-images/874-5038515-141.png","1","2"
"875","5038515","Q25JS077","142","Punching punch","50x28.80x80","Cr12MoV","1","spare-part-images/875-5038515-142.png","1","2"
"876","5038515","Q25JS077","143","Punching punch","50x28.80x80","Cr12MoV","1","spare-part-images/876-5038515-143.png","1","2"
"877","5038515","Q25JS077","144","Punching punch","39x29.8x80","Cr12MoV","1","spare-part-images/877-5038515-144.png","1","2"
"878","5038515","Q25JS077","145","Punching punch","39x29.8x80","Cr12MoV","1","spare-part-images/878-5038515-145.png","1","2"
"879","5038515","Q25JS077","146","Punching punch","12.2x20.80x82","Cr12MoV","1","spare-part-images/879-5038515-146.png","1","2"
"880","5038515","Q25JS077","147","Punching punch","21.43x17.5x80","Cr12MoV","1","spare-part-images/880-5038515-147.png","1","2"
"881","5038515","Q25JS077","148","Punching punch","19.1x22.82x80","Cr12MoV","1","spare-part-images/881-5038515-148.png","1","2"
"882","5038515","Q25JS077","149","Punching punch","12.5x52.55x80.0","Cr12MoV","1","spare-part-images/882-5038515-149.png","1","2"
"883","5038515","Q25JS077","150","Punching punch","12.5x52.55x80.0","Cr12MoV","1","spare-part-images/883-5038515-150.png","1","2"
"884","5038515","Q25JS077","151","Punching punch","49x13.50x85","Cr12MoV","1","spare-part-images/884-5038515-151.png","1","2"
"885","5038515","Q25JS077","152","Punching punch","88x109x30","Cr12MoV","1","spare-part-images/885-5038515-152.png","1","2"
"886","5038515","Q25JS077","154","Lower mold insert","39x26x30","Cr12MoV","1","spare-part-images/886-5038515-154.png","1","2"
"887","5038515","Q25JS077","155","Lower mold insert","41x26x30","Cr12MoV","1","spare-part-images/887-5038515-155.png","1","2"
"888","5038515","Q25JS077","156","Lower mold insert","20x14.5x19","Cr12MoV","2","spare-part-images/888-5038515-156.png","1","2"
"889","5038515","Q25JS077","157","Lower mold insert","42x26x30","Cr12MoV","1","spare-part-images/889-5038515-157.png","1","2"
"890","5038515","Q25JS077","158","Lower mold insert","42x26x30","Cr12MoV","1","spare-part-images/890-5038515-158.png","1","2"
"891","5038515","Q25JS077","159","Lower mold insert","48x32x30","Cr12MoV","1","spare-part-images/891-5038515-159.png","1","2"
"892","5038515","Q25JS077","160","Lower mold insert","48x32x30","Cr12MoV","1","spare-part-images/892-5038515-160.png","1","2"
"893","5038515","Q25JS077","161","Lower mold insert","37x54x30","Cr12MoV","1","spare-part-images/893-5038515-161.png","1","2"
"894","5038515","Q25JS077","162","Lower mold insert","37x54x30","Cr12MoV","1","spare-part-images/894-5038515-162.png","1","2"
"895","5038515","Q25JS077","163","Lower mold insert","23x79x30","Cr12MoV","1","spare-part-images/895-5038515-163.png","1","2"
"896","5038515","Q25JS077","164","Lower mold insert","23x79x30","Cr12MoV","1","spare-part-images/896-5038515-164.png","1","2"
"897","5038515","Q25JS077","165","Lower mold insert","56x49x30","Cr12MoV","1","spare-part-images/897-5038515-165.png","1","2"
"898","5038515","Q25JS077","166","Lower mold insert","56x49x30","Cr12MoV","1","spare-part-images/898-5038515-166.png","1","2"
"899","5038515","Q25JS077","167","Lower mold insert","57x42x30","Cr12MoV","1","spare-part-images/899-5038515-167.png","1","2"
"900","5038515","Q25JS077","168","Lower mold insert","57x42x30","Cr12MoV","1","spare-part-images/900-5038515-168.png","1","2"
"901","5038515","Q25JS077","169","Lower mold insert","72x42x30","Cr12MoV","1","spare-part-images/901-5038515-169.png","1","2"
"902","5038515","Q25JS077","170","Lower mold insert","72x53x30","Cr12MoV","1","spare-part-images/902-5038515-170.png","1","2"
"903","5038515","Q25JS077","171","Lower mold insert","111x94x30","Cr12MoV","1","spare-part-images/903-5038515-171.png","1","2"
"904","5038515","Q25JS077","172","Lower mold insert","113x94x30","Cr12MoV","1","spare-part-images/904-5038515-172.png","1","2"
"905","5038515","Q25JS077","173","Lower mold insert","36x79x30","Cr12MoV","1","spare-part-images/905-5038515-173.png","1","2"
"906","5038515","Q25JS077","174","Lower mold insert","36x79x30","Cr12MoV","1","spare-part-images/906-5038515-174.png","1","2"
"907","5038515","Q25JS077","176","Lower mold insert","24.5x13.4x40","Cr12MoV","1","spare-part-images/907-5038515-176.png","1","2"
"908","5038515","Q25JS077","177","Upper block","27x39x16","45#","1","spare-part-images/908-5038515-177.png","1","2"
"909","5038515","Q25JS077","178","Upper clamping block","20x14.5x19","Cr12MoV","1","spare-part-images/909-5038515-178.png","1","2"
"910","5038515","Q25JS077","179","Upper clamping block","19x59x35","Cr12MoV","1","spare-part-images/910-5038515-179.png","1","2"
"911","5038515","Q25JS077","180","Upper clamping block","19x59x35","Cr12MoV","1","spare-part-images/911-5038515-180.png","1","2"
"912","MCP-IMG-TEST-001","MCP-TOOL-001","MCP-DW-001","MCP Picture Test Spare Part","Sample drawing from uploaded image","MCP Test Material","1","","1","2"
